season_day,mean,q25,q75,years
1,77.63333333333333,75.71875,79.97916666666666,10
2,78.10471014492755,76.8125,80.12635869565217,10
3,78.34583333333333,76.66666666666667,80.71875,10
4,79.20416666666665,76.10416666666667,82.45833333333333,10
5,79.02083333333333,77.05208333333333,81.15625,10
6,78.75833333333333,77.22916666666667,80.22916666666666,10
7,78.74166666666665,77.20833333333334,79.77083333333334,10
8,77.85815217391306,75.42708333333333,78.90489130434783,10
9,78.0375,77.16666666666667,80.55208333333333,10
10,78.68333333333334,76.44791666666667,80.26041666666667,10
11,78.9625,77.375,80.41666666666667,10
12,79.3,77.16666666666667,81.39583333333333,10
13,77.90833333333333,75.34375,79.48958333333333,10
14,77.25833333333333,74.82291666666666,79.25,10
15,77.10719696969696,74.76041666666666,79.3125,10
16,77.15452898550724,75.91666666666666,80.09375,10
17,78.39833333333334,77.44375,81.95833333333333,10
18,78.61666666666666,76.67708333333333,80.09375,10
19,77.03623188405797,74.80208333333334,79.75,10
20,77.86601449275362,75.52083333333333,80.12336956521739,10
21,78.87134057971015,77.28668478260869,80.26875,10
22,78.07920289855073,77.125,78.52083333333334,10
23,76.68295454545454,75.30208333333333,78.69791666666667,10
24,74.22536231884058,72.3125,77.53125,10
25,74.40833333333333,69.33333333333334,79.25,10
26,75.01250000000002,71.34375,78.32291666666666,10
27,76.2625,73.34375,79.51041666666666,10
28,77.70833333333334,76.40625,79.59375,10
29,76.26583333333335,73.89375,79.19791666666667,10
30,76.82916666666667,74.07291666666667,79.07291666666667,10
31,77.40833333333333,75.59375,80.19791666666667,10
32,77.12499999999999,75.22916666666667,78.40625,10
33,77.07916666666667,76.05208333333334,79.63541666666667,10
34,77.30416666666666,76.72916666666666,79.08333333333333,10
35,77.34692028985506,75.96875,79.63541666666667,10
36,76.30471014492754,74.97010869565219,78.8125,10
37,75.3925,72.47916666666667,79.16250000000001,10
38,74.51666666666667,71.52083333333333,77.13541666666667,10
39,74.57083333333333,72.77083333333333,77.75,10
40,74.1625,70.55208333333333,77.72916666666667,10
41,74.49166666666666,73.3125,78.67708333333333,10
42,75.12499999999999,75.72916666666666,78.48958333333334,10
43,74.99999999999999,73.34375,77.92708333333334,10
44,73.30833333333332,72.45833333333334,75.79166666666667,10
45,71.776884057971,67.14954710144927,75.41666666666667,10
46,71.46311594202899,67.63541666666667,75.32753623188405,10
47,70.25,67.30208333333333,74.25,10
48,70.94021739130434,70.1875,74.59375,10
49,70.5233695652174,69.49592391304347,73.34375,10
50,68.78333333333333,65.48958333333333,73.19791666666666,10
51,69.22083333333333,65.33333333333333,72.94791666666667,10
52,70.45724637681158,70.20833333333333,73.21603260869566,10
53,71.34583333333333,69.16666666666667,74.40625,10
54,68.82355072463767,63.46875,73.86458333333334,10
55,68.08333333333334,63.208333333333336,73.36458333333333,10
56,69.155,64.5625,73.64583333333333,10
57,70.92583333333332,66.35416666666666,75.14583333333334,10
58,71.67916666666667,68.25,76.6875,10
59,72.42083333333332,71.80208333333333,74.21875,10
60,70.25833333333333,66.5625,72.28125,10
61,68.481884057971,63.65625,74.05208333333333,10
62,65.73333333333332,62.5,68.96875,10
63,67.18901515151515,62.23958333333333,71.09375,10
64,68.45253623188405,60.5,73.57291666666667,10
65,67.47083333333333,64.10416666666666,72.61458333333334,10
66,64.90833333333333,59.47916666666667,68.97916666666666,10
67,66.8225,61.65625,71.08333333333333,10
68,67.45978260869565,65.72916666666667,71.46875,10
69,66.34583333333333,60.979166666666664,70.0,10
70,65.13333333333333,61.895833333333336,69.36458333333333,10
71,65.45833333333334,60.9375,69.67708333333334,10
72,64.82916666666668,60.88541666666667,69.46875,10
73,64.1875,59.520833333333336,68.88541666666667,10
74,64.59166666666665,63.53125,67.20833333333334,10
75,63.6375,61.26041666666667,65.71875,10
76,63.8,60.41666666666667,66.22916666666667,10
77,61.65416666666666,59.90625,62.9375,10
78,60.15416666666666,53.65625,66.57291666666666,10
79,58.7375,53.1875,63.010416666666664,10
80,59.06666666666668,54.083333333333336,63.083333333333336,10
81,59.0875,54.947916666666664,61.54166666666667,10
82,58.6,53.39583333333333,62.114583333333336,10
83,58.30416666666666,55.416666666666664,63.291666666666664,10
84,59.208333333333336,54.84375,63.09375,10
85,58.416666666666664,55.125,62.447916666666664,10
86,56.21666666666666,53.95833333333333,61.41666666666667,10
87,55.97916666666667,51.39583333333333,61.0,10
88,60.03750000000001,54.958333333333336,63.802083333333336,10
89,60.62989130434782,57.41666666666667,64.89085144927537,10
90,59.36666666666666,54.80208333333333,65.26041666666667,10
91,55.5625,47.270833333333336,62.6875,10
92,56.057,51.166666666666664,60.489583333333336,10
