,start_utc,end_utc,hours,raw_missing_hours,review_flag_hours
0,2011-02-04T05:00:00+00:00,2011-02-04T05:00:00+00:00,1,1,0
1,2011-02-05T06:00:00+00:00,2011-02-05T06:00:00+00:00,1,1,0
2,2011-02-22T10:00:00+00:00,2011-02-22T10:00:00+00:00,1,1,0
3,2011-02-25T05:00:00+00:00,2011-02-25T05:00:00+00:00,1,1,0
4,2011-03-10T19:00:00+00:00,2011-03-10T19:00:00+00:00,1,1,0
5,2011-03-22T06:00:00+00:00,2011-03-22T06:00:00+00:00,1,1,0
6,2011-03-25T09:00:00+00:00,2011-03-25T09:00:00+00:00,1,1,0
7,2011-04-05T07:00:00+00:00,2011-04-05T07:00:00+00:00,1,1,0
8,2011-04-09T12:00:00+00:00,2011-04-09T12:00:00+00:00,1,1,0
9,2011-04-20T17:00:00+00:00,2011-04-20T17:00:00+00:00,1,1,0
10,2011-05-08T20:00:00+00:00,2011-05-08T20:00:00+00:00,1,1,0
11,2011-05-27T04:00:00+00:00,2011-05-27T04:00:00+00:00,1,1,0
12,2011-05-27T09:00:00+00:00,2011-05-27T09:00:00+00:00,1,1,0
13,2011-05-27T21:00:00+00:00,2011-05-27T21:00:00+00:00,1,1,0
14,2011-05-28T07:00:00+00:00,2011-05-28T07:00:00+00:00,1,1,0
15,2011-07-03T18:00:00+00:00,2011-07-03T18:00:00+00:00,1,1,0
16,2011-07-08T05:00:00+00:00,2011-07-08T05:00:00+00:00,1,1,0
17,2011-07-20T00:00:00+00:00,2011-07-20T00:00:00+00:00,1,1,0
18,2011-08-20T10:00:00+00:00,2011-08-20T10:00:00+00:00,1,1,0
19,2011-09-16T02:00:00+00:00,2011-09-16T02:00:00+00:00,1,1,0
20,2011-09-17T12:00:00+00:00,2011-09-17T12:00:00+00:00,1,1,0
21,2011-09-21T21:00:00+00:00,2011-09-21T21:00:00+00:00,1,1,0
22,2011-09-30T21:00:00+00:00,2011-09-30T21:00:00+00:00,1,1,0
23,2011-11-06T07:00:00+00:00,2011-11-06T07:00:00+00:00,1,0,1
24,2011-12-31T09:00:00+00:00,2011-12-31T09:00:00+00:00,1,1,0
25,2012-02-16T22:00:00+00:00,2012-02-16T22:00:00+00:00,1,1,0
26,2012-03-11T23:00:00+00:00,2012-03-11T23:00:00+00:00,1,1,0
27,2012-10-03T16:00:00+00:00,2012-10-03T16:00:00+00:00,1,1,0
28,2012-10-07T21:00:00+00:00,2012-10-07T21:00:00+00:00,1,1,0
29,2012-11-04T07:00:00+00:00,2012-11-04T07:00:00+00:00,1,0,1
30,2012-12-29T16:00:00+00:00,2012-12-29T16:00:00+00:00,1,1,0
31,2013-02-18T04:00:00+00:00,2013-02-18T04:00:00+00:00,1,1,0
32,2013-03-05T06:00:00+00:00,2013-03-05T06:00:00+00:00,1,1,0
33,2013-03-10T23:00:00+00:00,2013-03-10T23:00:00+00:00,1,1,0
34,2013-04-08T18:00:00+00:00,2013-04-08T18:00:00+00:00,1,1,0
35,2013-06-08T11:00:00+00:00,2013-06-08T11:00:00+00:00,1,1,0
36,2013-06-19T21:00:00+00:00,2013-06-19T21:00:00+00:00,1,1,0
37,2013-06-19T23:00:00+00:00,2013-06-19T23:00:00+00:00,1,1,0
38,2013-07-02T11:00:00+00:00,2013-07-02T11:00:00+00:00,1,1,0
39,2013-07-02T13:00:00+00:00,2013-07-02T13:00:00+00:00,1,1,0
40,2013-08-16T04:00:00+00:00,2013-08-16T04:00:00+00:00,1,1,0
41,2013-08-19T21:00:00+00:00,2013-08-19T21:00:00+00:00,1,1,0
42,2013-08-23T00:00:00+00:00,2013-08-23T00:00:00+00:00,1,1,0
43,2013-09-14T17:00:00+00:00,2013-09-14T17:00:00+00:00,1,1,0
44,2013-11-04T15:00:00+00:00,2013-11-04T15:00:00+00:00,1,1,0
45,2013-12-07T06:00:00+00:00,2013-12-07T06:00:00+00:00,1,0,1
46,2014-03-09T23:00:00+00:00,2014-03-09T23:00:00+00:00,1,1,0
47,2014-05-15T18:00:00+00:00,2014-05-15T18:00:00+00:00,1,1,0
48,2014-07-25T08:00:00+00:00,2014-07-25T08:00:00+00:00,1,1,0
49,2014-12-09T13:00:00+00:00,2014-12-09T13:00:00+00:00,1,1,0
50,2015-01-21T08:00:00+00:00,2015-01-21T08:00:00+00:00,1,1,0
51,2015-03-08T23:00:00+00:00,2015-03-08T23:00:00+00:00,1,1,0
52,2015-03-15T16:00:00+00:00,2015-03-15T16:00:00+00:00,1,1,0
53,2015-06-17T04:00:00+00:00,2015-06-17T09:00:00+00:00,6,6,0
54,2015-06-21T03:00:00+00:00,2015-06-21T04:00:00+00:00,2,2,0
55,2015-06-29T00:00:00+00:00,2015-06-29T00:00:00+00:00,1,1,0
56,2015-08-24T00:00:00+00:00,2015-08-24T01:00:00+00:00,2,2,0
57,2015-09-23T18:00:00+00:00,2015-09-23T18:00:00+00:00,1,1,0
58,2015-10-03T02:00:00+00:00,2015-10-03T06:00:00+00:00,5,5,0
59,2015-10-03T08:00:00+00:00,2015-10-03T08:00:00+00:00,1,1,0
60,2016-06-11T20:00:00+00:00,2016-06-11T20:00:00+00:00,1,1,0
61,2016-06-24T00:00:00+00:00,2016-06-24T00:00:00+00:00,1,1,0
62,2016-06-29T23:00:00+00:00,2016-06-29T23:00:00+00:00,1,1,0
63,2016-08-02T18:00:00+00:00,2016-08-02T18:00:00+00:00,1,1,0
64,2016-08-15T17:00:00+00:00,2016-08-15T18:00:00+00:00,2,2,0
65,2016-08-25T00:00:00+00:00,2016-08-25T00:00:00+00:00,1,1,0
66,2016-12-03T08:00:00+00:00,2016-12-03T08:00:00+00:00,1,1,0
67,2016-12-11T02:00:00+00:00,2016-12-11T02:00:00+00:00,1,1,0
68,2016-12-12T10:00:00+00:00,2016-12-12T10:00:00+00:00,1,1,0
69,2017-01-13T01:00:00+00:00,2017-01-13T01:00:00+00:00,1,1,0
70,2017-01-23T21:00:00+00:00,2017-01-23T21:00:00+00:00,1,1,0
71,2017-02-09T21:00:00+00:00,2017-02-09T21:00:00+00:00,1,1,0
72,2017-02-13T18:00:00+00:00,2017-02-13T18:00:00+00:00,1,1,0
73,2017-03-12T14:00:00+00:00,2017-03-12T14:00:00+00:00,1,1,0
74,2017-06-19T03:00:00+00:00,2017-06-19T04:00:00+00:00,2,2,0
75,2018-01-31T07:00:00+00:00,2018-01-31T07:00:00+00:00,1,1,0
76,2018-03-01T21:00:00+00:00,2018-03-01T21:00:00+00:00,1,1,0
77,2018-03-26T07:00:00+00:00,2018-03-26T07:00:00+00:00,1,1,0
78,2018-04-11T03:00:00+00:00,2018-04-11T04:00:00+00:00,2,2,0
79,2018-05-09T04:00:00+00:00,2018-05-09T06:00:00+00:00,3,3,0
80,2018-05-10T04:00:00+00:00,2018-05-10T05:00:00+00:00,2,2,0
81,2018-07-25T15:00:00+00:00,2018-07-25T15:00:00+00:00,1,1,0
82,2018-07-30T06:00:00+00:00,2018-07-30T06:00:00+00:00,1,1,0
83,2018-08-21T05:00:00+00:00,2018-08-21T05:00:00+00:00,1,1,0
84,2018-09-04T18:00:00+00:00,2018-09-04T18:00:00+00:00,1,1,0
85,2018-11-23T13:00:00+00:00,2018-11-23T15:00:00+00:00,3,3,0
86,2019-01-05T08:00:00+00:00,2019-01-05T08:00:00+00:00,1,1,0
87,2019-01-06T05:00:00+00:00,2019-01-06T05:00:00+00:00,1,1,0
88,2019-03-01T16:00:00+00:00,2019-03-01T16:00:00+00:00,1,0,1
89,2019-03-22T00:00:00+00:00,2019-03-22T00:00:00+00:00,1,1,0
90,2019-04-22T21:00:00+00:00,2019-04-22T21:00:00+00:00,1,1,0
91,2019-05-09T12:00:00+00:00,2019-05-09T12:00:00+00:00,1,1,0
92,2019-08-09T03:00:00+00:00,2019-08-09T03:00:00+00:00,1,1,0
93,2019-09-18T09:00:00+00:00,2019-09-18T09:00:00+00:00,1,1,0
94,2019-12-02T14:00:00+00:00,2019-12-02T15:00:00+00:00,2,2,0
95,2019-12-27T15:00:00+00:00,2019-12-27T15:00:00+00:00,1,1,0
96,2020-02-01T22:00:00+00:00,2020-02-02T01:00:00+00:00,4,4,0
97,2020-02-13T03:00:00+00:00,2020-02-13T03:00:00+00:00,1,1,0
98,2020-04-02T20:00:00+00:00,2020-04-03T00:00:00+00:00,5,5,0
99,2020-05-05T12:00:00+00:00,2020-05-05T12:00:00+00:00,1,1,0
100,2020-07-01T19:00:00+00:00,2020-07-01T20:00:00+00:00,2,0,2
101,2020-09-06T03:00:00+00:00,2020-09-06T03:00:00+00:00,1,1,0
102,2020-10-28T13:00:00+00:00,2020-10-28T13:00:00+00:00,1,1,0
103,2021-01-26T03:00:00+00:00,2021-01-26T03:00:00+00:00,1,1,0
104,2021-03-02T12:00:00+00:00,2021-03-02T12:00:00+00:00,1,1,0
105,2021-03-13T19:00:00+00:00,2021-03-13T22:00:00+00:00,4,4,0
106,2021-03-20T06:00:00+00:00,2021-03-20T07:00:00+00:00,2,2,0
107,2021-03-26T23:00:00+00:00,2021-03-26T23:00:00+00:00,1,0,1
108,2021-03-27T07:00:00+00:00,2021-03-27T07:00:00+00:00,1,1,0
109,2021-03-30T05:00:00+00:00,2021-03-30T06:00:00+00:00,2,2,0
110,2021-07-10T10:00:00+00:00,2021-07-10T10:00:00+00:00,1,1,0
111,2021-07-10T12:00:00+00:00,2021-07-10T23:00:00+00:00,12,0,12
112,2021-07-11T05:00:00+00:00,2021-07-11T06:00:00+00:00,2,0,2
113,2021-07-11T08:00:00+00:00,2021-07-11T08:00:00+00:00,1,0,1
114,2021-07-11T13:00:00+00:00,2021-07-11T14:00:00+00:00,2,0,2
115,2021-07-11T16:00:00+00:00,2021-07-11T19:00:00+00:00,4,0,4
116,2021-07-11T21:00:00+00:00,2021-07-11T21:00:00+00:00,1,0,1
117,2021-07-11T23:00:00+00:00,2021-07-11T23:00:00+00:00,1,0,1
118,2021-07-12T09:00:00+00:00,2021-07-12T09:00:00+00:00,1,0,1
119,2021-07-12T11:00:00+00:00,2021-07-12T12:00:00+00:00,2,0,2
120,2021-07-12T14:00:00+00:00,2021-07-12T16:00:00+00:00,3,0,3
121,2021-07-12T18:00:00+00:00,2021-07-12T18:00:00+00:00,1,0,1
122,2021-09-07T14:00:00+00:00,2021-09-07T14:00:00+00:00,1,1,0
