local_hour,ten_year_f,five_year_f,difference_f
0,66.30714285714286,68.31428571428572,2.0071428571428527
1,65.71428571428571,67.52857142857142,1.8142857142857167
2,65.17142857142858,66.95714285714286,1.7857142857142776
3,64.58571428571429,66.21428571428571,1.6285714285714192
4,64.20714285714286,65.81428571428572,1.6071428571428612
5,63.856115107913666,65.46376811594203,1.6076530080283646
6,63.621428571428574,65.22857142857143,1.607142857142854
7,64.45714285714286,66.14285714285714,1.6857142857142833
8,67.16546762589928,68.91428571428571,1.7488180883864288
9,69.95857142857143,71.90285714285714,1.9442857142857122
10,72.58571428571429,74.67142857142858,2.085714285714289
11,74.66428571428571,76.71428571428571,2.049999999999997
12,76.21428571428571,78.41428571428571,2.200000000000003
13,77.49285714285715,79.71428571428571,2.221428571428561
14,78.11654676258993,80.52857142857142,2.412024665981491
15,78.09285714285714,80.42857142857143,2.335714285714289
16,77.62857142857143,80.01428571428572,2.385714285714286
17,76.44927536231884,78.85714285714286,2.4078674948240177
18,73.75,76.01428571428572,2.2642857142857196
19,70.67142857142858,72.84285714285714,2.1714285714285637
20,69.24285714285715,71.28571428571429,2.0428571428571445
21,68.1,70.08571428571429,1.9857142857142946
22,67.36428571428571,69.24285714285715,1.8785714285714334
23,66.64285714285714,68.55714285714286,1.9142857142857252
