local_day,2011,2012,2013,2014,2015,2016,2017,2018,2019,2020
17,57.65217391304348,70.54166666666667,66.58333333333333,71.29166666666667,70.16666666666667,75.45833333333333,73.125,79.25,75.08333333333333,70.25
18,61.75,73.41666666666667,61.208333333333336,70.16666666666667,70.75,78.5,73.125,77.25,69.6086956521739,69.45833333333333
19,65.375,65.91666666666667,65.83333333333333,70.25,73.33333333333333,74.5,72.79166666666667,76.16666666666667,63.791666666666664,59.875
20,70.45833333333333,64.54166666666667,66.83333333333333,68.95833333333333,73.25,72.04166666666667,75.75,76.45833333333333,64.83333333333333,59.083333333333336
21,72.73913043478261,68.83333333333333,70.20833333333333,73.375,70.20833333333333,72.04166666666667,73.70833333333333,74.875,72.0,56.583333333333336
22,74.41666666666667,73.95833333333333,67.875,68.75,70.41666666666667,74.04166666666667,74.375,76.91666666666667,76.375,56.333333333333336
23,72.20833333333333,67.125,62.25,59.708333333333336,69.65217391304348,75.375,74.41666666666667,70.45833333333333,76.41666666666667,60.625
24,71.58333333333333,59.625,63.0,59.208333333333336,67.66666666666667,76.79166666666667,73.95833333333333,68.29166666666667,76.875,63.833333333333336
25,73.83333333333333,63.21666666666667,64.04166666666667,65.0,67.0,71.625,73.08333333333333,74.375,74.95833333333333,64.41666666666667
26,75.66666666666667,68.45833333333333,66.33333333333333,66.25,66.125,70.21666666666667,74.33333333333333,75.41666666666667,80.04166666666667,66.41666666666667
27,78.375,70.75,62.625,64.95833333333333,69.875,72.79166666666667,78.375,73.625,77.70833333333333,67.70833333333333
28,74.0,71.95833333333333,61.458333333333336,65.75,74.0,74.29166666666667,78.0,72.33333333333333,80.66666666666667,71.75
29,71.875,63.791666666666664,61.5,66.33333333333333,76.25,70.83333333333333,67.25,70.33333333333333,82.0,72.41666666666667
30,67.65217391304348,63.375,62.041666666666664,65.58333333333333,76.25,75.375,64.5,70.08333333333333,77.54166666666667,62.416666666666664
