,lag_hours,feature,correlation_with_temperature_anomaly,pairs
0,1,dew_point_f,0.5690253245818909,23140
1,1,relative_humidity_pct,-0.08944173289639891,23140
2,1,wind_speed_ms,0.11028440276625003,23115
3,1,wind_east_ms,0.15692214975292765,21773
4,1,wind_north_ms,0.34474458375264494,21773
5,1,sea_level_pressure_hpa,-0.20986625250680485,23096
6,1,precipitation_1h_mm,-0.0602626813446489,20047
7,6,dew_point_f,0.5586706994855489,23080
8,6,relative_humidity_pct,0.0543473781992622,23080
9,6,wind_speed_ms,0.03386179014824111,23055
10,6,wind_east_ms,0.15309971530636973,21715
11,6,wind_north_ms,0.34238489264062916,21715
12,6,sea_level_pressure_hpa,-0.15175428338522687,23035
13,6,precipitation_1h_mm,-0.026641693954547845,19992
14,24,dew_point_f,0.41899810925635833,22881
15,24,relative_humidity_pct,-0.003944785472465306,22881
16,24,wind_speed_ms,-0.041475909838543164,22856
17,24,wind_east_ms,0.05179881474717856,21520
18,24,wind_north_ms,0.2401942662384622,21520
19,24,sea_level_pressure_hpa,0.042114875500385236,22836
20,24,precipitation_1h_mm,-0.03509915913882838,19814
21,72,dew_point_f,0.2064815579574508,22354
22,72,relative_humidity_pct,-0.003595282275157822,22354
23,72,wind_speed_ms,-0.025612738663316457,22329
24,72,wind_east_ms,-0.02348010243196661,21027
25,72,wind_north_ms,0.05092192502269129,21027
26,72,sea_level_pressure_hpa,0.11476182506719276,22309
27,72,precipitation_1h_mm,-0.012626222839405335,19347
28,168,dew_point_f,0.09500959251301387,21299
29,168,relative_humidity_pct,-0.011159185085746542,21299
30,168,wind_speed_ms,0.02688269392973057,21275
31,168,wind_east_ms,-0.03889602819909932,20035
32,168,wind_north_ms,-0.02665727801060821,20035
33,168,sea_level_pressure_hpa,0.048007356312301665,21256
34,168,precipitation_1h_mm,-0.005046285131503563,18426
35,336,dew_point_f,0.12338691713460961,19453
36,336,relative_humidity_pct,-0.005310616522284159,19453
37,336,wind_speed_ms,-0.012973717635998248,19431
38,336,wind_east_ms,0.0101602528418498,18333
39,336,wind_north_ms,0.0514186580665656,18333
40,336,sea_level_pressure_hpa,-0.004511087817711355,19410
41,336,precipitation_1h_mm,-0.012758558756725127,16727
