local_month,0,1,2,3,4,5,6,7,8,9,10,11,12,13,14,15,16,17,18,19,20,21,22,23
1,38.19352750809061,37.630645161290325,37.0537216828479,36.46525974025974,36.053225806451614,35.80290322580645,35.458064516129035,35.65193548387097,38.37096774193548,41.43,44.14709677419355,46.22870967741935,47.898709677419355,49.05516129032258,49.509032258064515,49.33838709677419,47.89935275080906,45.204193548387096,43.48129032258065,42.19129032258064,41.13495145631068,40.40387096774194,39.69225806451613,38.898709677419355
2,42.34804270462633,41.707801418439715,41.04204946996466,40.41166077738516,39.80812720848057,39.42340425531915,39.11802120141343,39.904946996466435,43.09540636042403,46.02508833922261,48.62685512367491,50.6547703180212,52.278798586572435,53.41489361702128,54.11660777385159,53.95053003533569,53.216312056737586,50.86476868327402,48.75851063829787,47.212765957446805,46.04609929078014,45.20494699646643,44.24432624113475,43.482624113475175
3,48.10935483870968,47.11391585760518,46.30334448160535,45.504207119741096,44.696451612903225,44.22330097087379,43.77064516129032,44.72709677419355,47.49032258064516,50.541935483870965,53.29741100323625,55.61974110032362,57.37540453074433,58.81935483870968,59.77669902912621,60.45483870967742,60.310032362459545,59.174193548387095,57.10322580645161,54.43790849673203,52.54045307443366,51.29322580645161,50.42580645161291,49.38354838709677
4,57.374581939799334,56.25,55.25333333333333,54.30434782608695,53.40633333333333,52.77633333333333,52.28666666666667,54.07333333333333,57.25418060200669,60.134,62.855999999999995,65.31333333333333,67.23,68.76923076923077,69.96655518394648,70.56733333333334,70.45484949832776,69.49664429530202,67.87290969899665,64.59531772575251,62.220735785953174,60.71,59.63333333333333,58.67424749163879
5,64.90879478827361,63.960389610389605,63.12297734627832,62.362459546925564,61.73225806451613,61.16504854368932,61.483870967741936,64.06709677419354,67.03506493506494,69.80129032258066,72.34516129032258,74.46774193548387,75.96774193548387,77.1258064516129,78.00647249190939,78.26322580645162,77.71521035598705,76.95145631067962,75.29354838709678,72.54838709677419,69.72258064516129,68.21290322580646,67.13548387096775,66.22903225806452
6,71.22558922558923,70.3010033444816,69.64214046822742,68.82274247491638,68.31772575250837,67.80334448160535,68.59533333333333,71.4113712374582,74.49333333333334,77.32066666666667,79.68333333333334,81.83,83.40333333333334,84.56333333333333,85.43666666666667,85.38666666666667,85.01739130434783,83.84615384615384,82.09333333333333,79.451677852349,76.21476510067114,74.35666666666667,73.42333333333333,72.28859060402685
7,75.41548387096773,74.59546925566343,73.86796116504854,73.15161290322581,72.60647249190939,72.26387096774194,72.65161290322581,75.1042071197411,78.02903225806452,80.94822006472492,83.47741935483872,85.66990291262135,87.21483870967741,88.3883870967742,88.49838187702265,88.50161812297735,88.06796116504854,86.86451612903225,85.1,82.61806451612902,79.53721682847896,78.01935483870967,76.90709677419355,76.1
8,73.28155339805825,72.50809061488673,71.84516129032258,71.33225806451613,70.96129032258065,70.56967741935483,70.42394822006473,72.34838709677419,75.12451612903226,77.94193548387096,80.50645161290322,82.58064516129032,84.04516129032258,85.09061488673139,85.49025974025975,85.68064516129033,85.07741935483871,84.2822006472492,82.21483870967741,79.31870967741935,77.00195439739413,75.79611650485437,74.95161290322581,74.18446601941747
9,68.55,67.90333333333334,67.3,66.72,66.33333333333333,65.96321070234114,65.70666666666666,66.81333333333333,69.78595317725753,72.75733333333334,75.33,77.48333333333333,78.95,80.22408026755853,80.71006711409396,80.75733333333334,80.334,79.14496644295302,76.52533333333332,73.35199999999999,71.64,70.43733333333334,69.57859531772576,68.88628762541806
10,57.92880258899677,57.23948220064725,56.48543689320388,55.79354838709678,55.33009708737864,55.00645161290323,54.63548387096774,54.76451612903226,58.07096774193548,61.75728155339806,65.03548387096774,67.39677419354838,69.28155339805825,70.64838709677419,71.37096774193549,71.57225806451613,71.00967741935484,69.06472491909385,64.95806451612903,62.512903225806454,61.16129032258065,60.031225806451616,59.275080906148865,58.49838187702265
11,46.025,45.388387096774196,44.69228187919463,44.062000000000005,43.644000000000005,43.18933333333333,42.81766666666667,44.448,48.58829431438127,52.31772575250836,55.40604026845637,57.586666666666666,59.14333333333333,59.92,60.166666666666664,59.51,56.973333333333336,53.738,51.603,50.38966666666666,49.199666666666666,48.29633333333333,47.515,46.638666666666666
12,43.39322580645161,42.788025889967635,42.355483870967745,41.817475728155344,41.37249190938511,40.99902912621359,40.73483870967742,40.98193548387097,43.836569579288025,47.057928802589,49.76948051948052,51.68640776699029,53.26451612903226,54.32870967741936,54.78967741935484,54.21903225806452,51.9416129032258,49.42225806451613,47.983225806451614,46.88903225806452,45.9341935483871,45.438834951456315,44.655806451612904,43.950322580645164
