local_month,count,mean,std,min,max
1,7434,41.5513451708367,12.30750062822457,4.0,75.0
2,6779,46.03909131140286,12.566474651159298,7.0,82.0
3,7416,51.77586299892125,12.757553839584606,16.0,88.0
4,7188,61.306566499721754,10.82434443539155,30.0,88.0
5,7427,69.57148242897536,9.666765541970232,38.0,96.0
6,7183,76.46161770847836,8.424650943854612,52.0,105.0
7,7430,80.14915208613728,7.564275745498018,58.0,105.0
8,7428,77.60573505654281,7.254910407098417,55.0,98.0
9,7191,72.54648866638854,8.444900600529724,44.0,95.0
10,7431,62.03634504104428,10.587853870049791,29.0,98.0
11,7204,50.46231260410883,11.518812804897282,19.0,82.0
12,7430,46.65203230148048,11.163030924928611,16.0,78.0
