time,time,observed_at,temperature,metar,tail
2013-10-26 10:00:00+00:00,2013-10-26 10:00:00+00:00,2013-10-26 10:51:00+00:00,29.0,KRDU 261051Z 00000KT 10SM CLR M02/M03 A3031 RMK AO2 SLP265 T10171028,low
2013-10-26 11:00:00+00:00,2013-10-26 11:00:00+00:00,2013-10-26 11:51:00+00:00,29.0,KRDU 261151Z 00000KT 10SM BCFG CLR M02/M03 A3032 RMK AO2 SLP268 VIS W 1/2 T10171028 10006 21017 55002,low
2013-10-26 08:00:00+00:00,2013-10-26 08:00:00+00:00,2013-10-26 08:51:00+00:00,30.0,KRDU 260851Z 00000KT 10SM CLR M01/M03 A3032 RMK AO2 SLP269 T10111028 56006,low
2013-10-26 09:00:00+00:00,2013-10-26 09:00:00+00:00,2013-10-26 09:51:00+00:00,30.0,KRDU 260951Z 00000KT 10SM CLR M01/M02 A3032 RMK AO2 SLP267 T10111022,low
2013-10-26 07:00:00+00:00,2013-10-26 07:00:00+00:00,2013-10-26 07:51:00+00:00,31.0,KRDU 260751Z 00000KT 10SM CLR M01/M03 A3032 RMK AO2 SLP269 T10061028,low
2011-10-30 08:00:00+00:00,2011-10-30 08:00:00+00:00,2011-10-30 08:51:00+00:00,32.0,KRDU 300851Z 00000KT 10SM BCFG CLR 00/M02 A3018 RMK AO2 SLP220      T00001017 53008 $,low
2011-10-30 09:00:00+00:00,2011-10-30 09:00:00+00:00,2011-10-30 09:51:00+00:00,32.0,KRDU 300951Z 00000KT 10SM BCFG CLR 00/M02 A3020 RMK AO2 SLP227      T00001017 $,low
2011-10-30 10:00:00+00:00,2011-10-30 10:00:00+00:00,2011-10-30 10:51:00+00:00,32.0,KRDU 301051Z 00000KT 10SM BCFG CLR 00/M02 A3022 RMK AO2 SLP236      T00001017 $,low
2011-10-30 11:00:00+00:00,2011-10-30 11:00:00+00:00,2011-10-30 11:51:00+00:00,32.0,KRDU 301151Z 00000KT 10SM BCFG CLR 00/M02 A3025 RMK AO2 SLP247      70019 T00001017 10011 21011 53026 $,low
2013-10-26 05:00:00+00:00,2013-10-26 05:00:00+00:00,2013-10-26 05:51:00+00:00,32.0,KRDU 260551Z 00000KT 10SM CLR 00/M02 A3034 RMK AO2 SLP275 T00001017 10061 21006 58009,low
2011-08-03 18:00:00+00:00,2011-08-03 18:00:00+00:00,2011-08-03 18:51:00+00:00,98.0,KRDU 031851Z 24008KT 10SM FEW070 SCT180 BKN250 37/18 A2976 RMK AO2 SLP072 T03670178,high
2019-10-03 18:00:00+00:00,2019-10-03 18:00:00+00:00,2019-10-03 18:51:00+00:00,98.0,KRDU 031851Z 05004KT 10SM FEW080 SCT250 37/16 A2995 RMK AO2 SLP136 T03670161,high
2019-10-03 19:00:00+00:00,2019-10-03 19:00:00+00:00,2019-10-03 19:51:00+00:00,98.0,KRDU 031951Z 00000KT 10SM FEW080 SCT250 37/16 A2993 RMK AO2 SLP130 T03670156,high
2019-10-03 20:00:00+00:00,2019-10-03 20:00:00+00:00,2019-10-03 20:51:00+00:00,98.0,KRDU 032051Z 22006KT 10SM SCT250 37/16 A2993 RMK AO2 SLP128 T03670161 56014,high
2011-08-03 17:00:00+00:00,2011-08-03 17:00:00+00:00,2011-08-03 17:51:00+00:00,97.0,KRDU 031751Z 21011G16KT 10SM FEW065 SCT180 BKN250 36/19 A2978 RMK AO2 SLP078 T03610189 10361 20256 58010,high
2011-08-03 19:00:00+00:00,2011-08-03 19:00:00+00:00,2011-08-03 19:51:00+00:00,97.0,KRDU 031951Z 27009KT 10SM FEW075 SCT180 BKN250 36/16 A2974 RMK AO2 SLP063 T03610156,high
2015-08-05 20:00:00+00:00,2015-08-05 20:00:00+00:00,2015-08-05 20:51:00+00:00,97.0,KRDU 052051Z 25009KT 10SM FEW070 SCT250 36/17 A2994 RMK AO2 SLP134 T03610172 57017 $,high
2016-08-26 19:00:00+00:00,2016-08-26 19:00:00+00:00,2016-08-26 19:51:00+00:00,97.0,KRDU 261951Z 10006KT 10SM SCT060 SCT250 36/19 A3005 RMK AO2 SLP169 T03610194,high
2016-08-27 17:00:00+00:00,2016-08-27 17:00:00+00:00,2016-08-27 17:51:00+00:00,97.0,KRDU 271751Z 09010KT 10SM SCT048 36/21 A3010 RMK AO2 LTG DSNT E-SW SLP186 T03610211 10367 20256 58010,high
2017-08-18 19:00:00+00:00,2017-08-18 19:00:00+00:00,2017-08-18 19:51:00+00:00,97.0,KRDU 181951Z 23012KT 10SM SCT060 SCT250 36/22 A2985 RMK AO2 SLP101 T03610222,high
