origin,model,n,MAE,RMSE,bias,MAE d1-3,MAE d4-7,MAE d8-14,history_years
2021-08-27,boost_10y_initial,335,4.554556167754502,5.534934045298502,-0.3981207090092553,3.9301480571864644,5.164042182599052,4.473398841621699,10
2021-09-03,boost_10y_initial,335,4.480628653342018,5.364786544347654,-0.2460825253732801,3.7486819123021338,3.8356480953138554,5.159041262672655,10
2021-09-10,boost_10y_initial,336,5.123171387781462,5.727879528985623,-2.7690734138169617,4.542954978510804,5.765922182414798,5.004549394821267,10
2021-09-17,boost_10y_initial,336,4.537734036011019,5.5405558002851425,0.1026672976844741,3.884399551547086,3.958607429180983,5.148664018969869,10
2021-09-24,boost_10y_initial,336,4.416973806841033,5.205609424179806,-1.7376082132958228,4.308195037382307,3.7103940703513962,4.867353128888849,10
2021-10-01,boost_10y_initial,336,4.075209056443193,4.745665711086161,-2.6672360299028175,3.1376692180161916,4.749021295190304,4.091976279342131,10
2021-10-08,boost_10y_initial,336,4.854616095942986,5.980680647217085,-1.7960924933419475,3.150434961240337,4.173153697451617,5.97438652423919,10
2022-08-27,boost_10y_initial,336,3.492001357025445,3.945569821676981,-1.8947096446460616,2.992295682611611,3.678072727793291,3.5998344341926036,10
2022-09-03,boost_10y_initial,336,3.1939200863728905,3.8773174823757186,-0.5305956493786033,1.9207778792960697,3.1488281152422055,3.7653193014804907,10
2022-09-10,boost_10y_initial,336,4.595297069485769,5.831904622823641,-1.630174347245524,3.9122183084386952,3.3076926987250217,5.623819036083513,10
2022-09-17,boost_10y_initial,336,5.704146990779244,7.120709543447172,1.5398866095072028,3.774141602603019,6.531523768960931,6.058505426750949,10
2022-09-24,boost_10y_initial,336,7.280392060194401,8.465435230697478,4.965088226991136,4.632189381362165,7.359861775438783,8.369924799554285,10
2022-10-01,boost_10y_initial,336,6.622196153908551,7.818818356951072,4.589450660197411,7.803637315039882,6.520791518532801,6.173809733638408,10
2022-10-08,boost_10y_initial,336,7.7029815909839305,9.139261869590504,4.302490321102784,8.994197618919966,4.973463250348263,8.709328059374585,10
2023-08-27,boost_10y_initial,336,5.690925358352952,6.9172913207725575,-2.02256454800907,2.4667302686625403,4.809097140414282,7.576625092756653,10
2023-09-03,boost_10y_initial,336,6.461543254041947,7.863913099156039,-4.380189023882724,8.66015566551811,9.286758101106285,3.9048723079439687,10
2023-09-10,boost_10y_initial,336,3.6443386690606885,5.098095965170826,1.7573193215640797,2.196296151453681,3.8585234348666084,4.142537024717451,10
2023-09-17,boost_10y_initial,336,3.804080759021612,5.133175995582406,2.4047135757106792,4.387596941597467,4.3929489478522425,3.217506287157315,10
2023-09-24,boost_10y_initial,336,3.5508826976537256,4.221384432194919,-0.9423224968624553,5.301337350893243,3.0977783357131567,3.0596046245171147,10
2023-10-01,boost_10y_initial,336,4.146544268667252,5.556901428570654,1.1807179718385108,2.3987224068020176,2.9159631479156354,5.598799992753274,10
2023-10-08,boost_10y_initial,336,5.100951622676239,6.582409156765034,3.392300995978215,9.456044727547676,3.9407468080118235,3.897457328968146,10
2021-08-27,boost_5y_initial,335,4.2933404220316955,5.364233685568627,-0.32828514976594925,2.995586422812069,5.181308732560964,4.342402279115548,5
2021-09-03,boost_5y_initial,335,4.797422701666906,5.83976348945802,1.225394370661115,6.231580446848512,3.830128107019515,4.729765730467063,5
2021-09-10,boost_5y_initial,336,4.563012003763139,5.397634585688172,-0.6449977576136808,6.449878220931339,4.391128805725759,3.852574023855271,5
2021-09-17,boost_5y_initial,336,4.799338186659741,5.995029146853615,1.348566974436785,3.964382688764243,4.0152400416680605,5.605232340038772,5
2021-09-24,boost_5y_initial,336,3.6438804259639515,4.3819192560055225,-0.6525865087714907,4.196235211723353,3.2379496398104894,3.639117395583329,5
2021-10-01,boost_5y_initial,336,3.357272488114419,3.968942526119373,-1.4105477578141379,2.5947259984884354,3.6160746852830172,3.536191156714926,5
2021-10-08,boost_5y_initial,336,4.879187074074606,5.794141152905565,-1.4965388215012887,3.7913201320479413,3.7170002067144936,6.00952254486324,5
2022-08-27,boost_5y_initial,336,3.536393883269449,4.0267062681025205,-2.1788034833291583,2.649932436746111,3.5612131849408857,3.9021234736814874,5
2022-09-03,boost_5y_initial,336,3.3491144747478785,3.9717424840422417,-0.6127095145047642,2.5086853206102817,3.3505997631724562,3.70844966170709,5
2022-09-10,boost_5y_initial,336,4.2768893223237825,5.500194422488309,-0.4551681499589921,3.356254455653308,3.5807622572020734,5.069234016680677,5
2022-09-17,boost_5y_initial,336,5.8381036797104295,7.3752318856972465,1.8070778583289315,3.230740937188107,6.48436918667294,6.58625027966999,5
2022-09-24,boost_5y_initial,336,7.772822542947749,9.156991570235627,5.8317885946963,4.541609562246338,7.471215259063001,9.32997512546821,5
2022-10-01,boost_5y_initial,336,6.798669951988069,8.079294323009298,5.111089300446599,7.252490867743505,6.007836919415889,7.056079863848415,5
2022-10-08,boost_5y_initial,336,7.774459942713325,9.373171641317892,5.218690093515551,8.77750640476865,5.215529551779518,8.806828825223219,5
2023-08-27,boost_5y_initial,336,5.531551606677175,6.728700809690529,-0.6841647769977968,2.3573380519534126,5.401937005009658,6.965994331083082,5
2023-09-03,boost_5y_initial,336,5.252324800547941,6.629264717909876,-2.6077700788587475,6.182117536714653,7.914747422871869,3.3324578437199626,5
2023-09-10,boost_5y_initial,336,3.7298162808035094,5.303744752210655,1.996844919553412,2.1678996028750657,3.8623521477881337,4.3234743616387705,5
2023-09-17,boost_5y_initial,336,3.810509381959149,5.24418205199541,2.3745809586060465,3.728911104224904,4.304385536943706,3.5632651267112214,5
2023-09-24,boost_5y_initial,336,3.83493327022885,4.7123386359205615,-1.1752738411846715,6.92328184487645,3.332903606803401,2.798229403051563,5
2023-10-01,boost_5y_initial,336,4.211049513358562,5.6197046652352505,1.2119801132849213,2.454450118232428,2.8144018842957315,5.761962185019952,5
2023-10-08,boost_5y_initial,336,4.272938798829687,5.3282876130286105,2.251887832560514,6.1384995023218085,3.6565322749694573,3.8256450823960506,5
2021-08-27,boost_10y_no_dew_pressure,335,4.7137127696182155,5.705537527552641,-0.6437069611890842,4.475803239171466,5.331939269440597,4.460896854703348,10
2021-09-03,boost_10y_no_dew_pressure,335,4.363982942267213,5.240047708839256,-0.26545938787223095,3.23508627315246,3.7838001716166314,5.175875343386663,10
2021-09-10,boost_10y_no_dew_pressure,336,4.9594518174312965,5.554439291424462,-2.703205934800493,4.208096360703383,5.546032142445266,4.946272541735279,10
2021-09-17,boost_10y_no_dew_pressure,336,4.745423799406772,5.720702325609405,-0.13393395879915154,4.541737042769341,4.152033380801231,5.171798362883122,10
2021-09-24,boost_10y_no_dew_pressure,336,4.324818952556538,5.130431551518226,-1.4560073976993937,4.295127588443329,3.515002687454789,4.800295974377485,10
2021-10-01,boost_10y_no_dew_pressure,336,4.193180847348964,4.933065818889739,-3.3103620928528223,2.694477913903592,5.463257479826424,4.109724028838432,10
2021-10-08,boost_10y_no_dew_pressure,336,4.843519331129884,5.969815524120802,-1.8504995378902869,3.0947176715232336,4.14916285329841,5.989780886865005,10
2022-08-27,boost_10y_no_dew_pressure,336,3.641999240401724,4.134774821762341,-2.2314499618553305,3.2530439934347046,3.878857736839374,3.6733466339946457,10
2022-09-03,boost_10y_no_dew_pressure,336,3.235763876177806,3.895706312706837,-0.5531231323623891,2.127444403346718,3.179919743249853,3.7426688690642456,10
2022-09-10,boost_10y_no_dew_pressure,336,4.52624900472553,5.80366823015401,-1.4907221108022324,3.6074698279122277,3.2474744825848263,5.650739807440205,10
2022-09-17,boost_10y_no_dew_pressure,336,5.647737915112347,7.068660949546945,1.4306760485086825,3.5705460298716094,6.514864512818881,6.042462095811787,10
2022-09-24,boost_10y_no_dew_pressure,336,7.249677073171581,8.439461611615286,5.060011279217202,4.487138691886896,7.451199091770353,8.318466654522862,10
2022-10-01,boost_10y_no_dew_pressure,336,6.308522383295797,7.477153784192998,4.031969329403294,7.1478090416797055,6.1739115753087574,6.025748562838145,10
2022-10-08,boost_10y_no_dew_pressure,336,7.707453695538383,9.128651213838767,4.363414324864108,8.894649725513496,5.053756485287386,8.715053802835333,10
2023-08-27,boost_10y_no_dew_pressure,336,5.627713127087019,6.890610462582069,-1.9077182397744499,2.4594045317949886,4.463259633062526,7.650961664511886,10
2023-09-03,boost_10y_no_dew_pressure,336,6.55149909342845,7.989662666881737,-4.472857546271825,8.727093681730288,9.516665798296629,3.924720438517273,10
2023-09-10,boost_10y_no_dew_pressure,336,3.7019721287976006,5.149241888140443,2.0254405527900086,2.4320595329523362,3.8376809683784763,4.168672475827928,10
2023-09-17,boost_10y_no_dew_pressure,336,3.950956228790246,5.264970584032331,2.553979983710895,5.132277102747241,4.344217222752259,3.2199552862589553,10
2023-09-24,boost_10y_no_dew_pressure,336,3.596423870194552,4.310088702736388,-1.0751519301447428,5.5898740353379,3.018387038018679,3.0723948463764734,10
2023-10-01,boost_10y_no_dew_pressure,336,4.116829492322353,5.542576217644344,1.1317816344289642,2.2223384702125104,2.92122057540147,5.611959311467075,10
2023-10-08,boost_10y_no_dew_pressure,336,5.039158843543497,6.576312497260208,3.210201445251581,9.341443754847294,3.898368860993559,3.8472024430132628,10
2021-08-27,boost_10y_shallow,335,4.691965546032445,5.665268104916148,-0.5221909251900695,4.351337188689732,5.286679970125525,4.496951516186574,10
2021-09-03,boost_10y_shallow,335,4.498101246070532,5.396751860398209,-0.13748340775664966,3.8520351416373626,3.8110810952346563,5.163480257074081,10
2021-09-10,boost_10y_shallow,336,5.108837909870183,5.703999761786263,-2.3701683673031377,5.155543864518503,5.307849244483099,4.975100309527809,10
2021-09-17,boost_10y_shallow,336,4.660315654515488,5.638973249200076,-0.10940268257769757,4.31925325165928,4.0642335155315275,5.147103620873268,10
2021-09-24,boost_10y_shallow,336,4.498336637772356,5.305638662502925,-1.6468144346476754,4.549065793205596,3.7543975092890505,4.901703644577142,10
2021-10-01,boost_10y_shallow,336,4.200160053494867,4.850840223416695,-2.7859919459336675,3.5545524591636806,4.838714062450337,4.111961017376536,10
2021-10-08,boost_10y_shallow,336,4.872533580509696,5.991183634794108,-1.9461002211280065,3.1525135545756777,4.2299499450718825,5.976875669017313,10
2022-08-27,boost_10y_shallow,336,3.601317448518831,4.089278030644175,-2.2009091227851343,3.1317849722899718,3.88133052408398,3.6425381808653987,10
2022-09-03,boost_10y_shallow,336,3.2696121909368165,3.922174954249882,-0.65604369772668,2.3062256439402415,3.1332489087817286,3.7604140151668277,10
2022-09-10,boost_10y_shallow,336,4.516969915029154,5.802898216015275,-1.2351460914607821,3.6025203159983104,3.310214035039173,5.598451674608076,10
2022-09-17,boost_10y_shallow,336,5.698981834799146,7.113470552646118,1.382579731786742,3.656864654324887,6.623536803569533,6.045857787133609,10
2022-09-24,boost_10y_shallow,336,7.206679497716287,8.402153144623078,5.150411048845732,4.370828667976188,7.385392275050013,8.31992255198563,10
2022-10-01,boost_10y_shallow,336,6.74575662338936,7.937681484218524,4.748554053337874,8.16419424840849,6.669469346077211,6.181447513988106,10
2022-10-08,boost_10y_shallow,336,7.78421080203777,9.194000701645251,4.353240563941098,9.224578243894133,5.055327107095494,8.726272581209203,10
2023-08-27,boost_10y_shallow,336,5.720346980470788,6.933457922262727,-2.0508673623574616,2.7030821133555523,4.759299783431545,7.562630321828315,10
2023-09-03,boost_10y_shallow,336,6.337911815782894,7.690528164069554,-4.134299761835082,8.396662696314475,9.087355943520059,3.8844790797052657,10
2023-09-10,boost_10y_shallow,336,3.662451745673287,5.127576615318691,1.6524320879922907,2.2902561622475535,3.868015264400087,4.133070699297573,10
2023-09-17,boost_10y_shallow,336,3.835842322618085,5.169088652086603,2.469287364502351,4.506990239074195,4.446873177941853,3.1990470125233137,10
2023-09-24,boost_10y_shallow,336,3.4570307090957435,4.120261421256055,-0.7950764696981312,4.882968193091759,3.100465776321087,3.049666034682969,10
2023-10-01,boost_10y_shallow,336,4.207691421878726,5.584698783653938,1.3197187762412557,2.606892714069766,2.9718919962236185,5.5999191113140565,10
2023-10-08,boost_10y_shallow,336,5.204857269964937,6.799911464223266,3.4299623301402873,10.061298120396613,3.9319842340277504,3.8508814974583254,10
