origin,model,n,MAE,RMSE,bias,MAE d1-3,MAE d4-7,MAE d8-14
2021-08-27,boost_5y_linear_aligned,335,3.9839477261798724,5.158163543251795,0.9116975437228636,1.9276082141710387,4.374190509066386,4.646182083709997
2021-09-03,boost_5y_linear_aligned,335,4.44141838059229,5.421056759245702,0.3656008350103808,4.28759968676107,3.8362887379686956,4.849527083003535
2021-09-10,boost_5y_linear_aligned,336,4.509099357864674,5.144224901418502,-3.091706155506419,3.663944320348768,5.840545508779414,4.110482287705925
2021-09-17,boost_5y_linear_aligned,336,4.265399334557257,5.340879191532456,0.5477467602051979,2.890868704873046,4.066701302526088,4.9680256227254445
2021-09-24,boost_5y_linear_aligned,336,3.3410136196757696,3.9439429897904263,-0.7642667046600773,3.1342884700251696,3.0300189921174656,3.607321328130771
2021-10-01,boost_5y_linear_aligned,336,3.300631335734897,3.8814696669705113,-1.8023763016622232,2.446548152361716,3.6743782839786476,3.4530973010412604
2021-10-08,boost_5y_linear_aligned,336,5.4220946409091955,6.358016536272255,-2.6334096215073908,4.908011023408443,4.737594938915512,6.033558878120194
2022-08-27,boost_5y_linear_aligned,336,3.640039457165669,4.101662713169293,-2.2110440273818064,3.4021677916675483,3.653449242318539,3.734321722291795
2022-09-03,boost_5y_linear_aligned,336,3.2931320868824887,4.011417534355524,-0.6966251069873886,1.7657206016637306,3.4534150972677726,3.8561467174703656
2022-09-10,boost_5y_linear_aligned,336,4.1757722002386535,5.413903457672834,-0.29801511184386226,3.187833408726963,3.383343785138235,5.051990776658188
2022-09-17,boost_5y_linear_aligned,336,6.10898445031611,7.6548228073494435,1.6150668197193816,3.465010423847608,6.960925572415982,6.755292677602687
2022-09-24,boost_5y_linear_aligned,336,7.540501785488435,8.944295457434194,5.129117378267691,5.179659549635669,6.560269323485175,9.112424150570053
2022-10-01,boost_5y_linear_aligned,336,6.661655157700474,7.850686546579948,5.055920924765409,7.501698721965209,5.812778478526629,6.786708875400639
2022-10-08,boost_5y_linear_aligned,336,7.643335724003231,9.255225866293578,5.177636530599373,8.418503924667714,4.985927877583596,8.829639550243957
2023-08-27,boost_5y_linear_aligned,336,5.693335707264374,6.899256689544957,-0.7472568455119215,2.660734403268665,5.7513219068068695,6.959887009238253
2023-09-03,boost_5y_linear_aligned,336,5.788504722694533,7.225136774171652,-3.329258263276711,6.43922642093255,9.140546947010213,3.594171295269279
2023-09-10,boost_5y_linear_aligned,336,3.904715055938164,5.385251889654686,1.601477694516745,2.9226721481508893,4.029228302725902,4.254440161111145
2023-09-17,boost_5y_linear_aligned,336,3.8396855432173416,5.1698458051529395,2.300682121933122,4.045593760802453,4.1057010216702885,3.5994303194220385
2023-09-24,boost_5y_linear_aligned,336,3.806578021042339,4.691663052402109,-2.0843188585618866,6.322144701968883,3.1279468472968617,3.116267257071235
2023-10-01,boost_5y_linear_aligned,336,4.346077100917413,5.736073469692437,0.9477365061444012,3.2310633556908193,2.614852645594897,5.813211251913105
2023-10-08,boost_5y_linear_aligned,336,3.770065611232382,4.666168380533214,1.0442935383571732,3.621220134958995,3.617630198810545,3.9209624795905973
