model,MAE,RMSE,bias,MAE d1-3,MAE d4-7,MAE d8-14,vs ref,SE,wins vs ref
pressure | a=1 | 5y | Aug-Oct,4.663552645915884,5.80760461042528,0.6633594109018226,3.81937003730065,4.529552889992656,5.1019080956954665,-0.05381418961153831,0.0971947239833906,13
pressure | a=1000 | 5y | Aug-Oct,4.666981263854733,5.808792149189405,0.6573912841810393,3.8265025403661945,4.545088093701278,5.096850112403098,-0.0503855716726882,0.09812385381251487,13
pressure | a=10000 | 5y | Aug-Oct,4.673572282467498,5.810875120603724,0.6448691078673638,3.824904292129503,4.572007122583514,5.0953628396422,-0.043794553059923684,0.09726311379896146,12
all | a=10000 | 5y | Aug-Oct,4.674327818736738,5.8243301795512865,0.7604914630646886,3.80930713810233,4.51778421885171,5.134603008810769,-0.04303901679068429,0.11513457065227563,12
all | a=10000 | 5y | Jul-Nov,4.680308519062716,5.84078913029431,0.8468136884007527,3.8222094879326636,4.536518734182844,5.130327887112739,-0.03705831646470635,0.10726878157779578,12
all | a=1000 | 5y | Aug-Oct,4.680734060025486,5.826240423710838,0.7718318582328345,3.8160357520558756,4.515860714674348,5.145599546230995,-0.036632775501936256,0.12647600049305135,12
all | a=1000 | 5y | Jul-Nov,4.686384373738668,5.8496510505624295,0.8686158895998434,3.811420915130366,4.562309059591403,5.132372459752987,-0.03098246178875434,0.11538261877222404,12
all | a=1 | 5y | Aug-Oct,4.689594984021535,5.828043348451068,0.7692400131113045,3.8513126141838683,4.5171322694809914,5.147453113812806,-0.027771851505887738,0.13195517216227906,12
all | a=1 | 5y | Jul-Nov,4.69001031022767,5.854305475887473,0.8712933357956707,3.8153482904686356,4.575938007530363,5.130157449270409,-0.027356525299751137,0.11808568678014722,11
pressure | a=1 | 5y | Jul-Nov,4.69013714509822,5.830118266309144,0.6436540070261637,3.8635423125589434,4.595379629510297,5.09855536065339,-0.02722969042920253,0.09999317905615511,12
pressure | a=1000 | 5y | Jul-Nov,4.691691816649263,5.830797135896398,0.6402687548392451,3.8701442603105765,4.595901954484104,5.098533315720808,-0.0256750188781582,0.09969333094152746,12
pressure | a=10000 | 5y | Jul-Nov,4.693710379209267,5.830037946160414,0.6311979329185949,3.871005390322721,4.599842052822433,5.09994105079027,-0.023656456318154866,0.09702390747312183,11
all | a=100000 | 5y | Aug-Oct,4.698692193487669,5.83279687314688,0.7077090511438748,3.9493270457188125,4.55523491788504,5.101882683927672,-0.01867464203975337,0.10583403954376587,10
all | a=10000 | 10y | Aug-Oct,4.7004466756266154,5.786002891994201,-0.024731331214476158,3.776648386531702,4.522265668014502,5.1982574839916325,-0.016920159900807277,0.02080453895531943,10
all | a=100000 | 5y | Jul-Nov,4.700720421576186,5.840276029199497,0.7547914359843493,3.9644278665399773,4.550628970457312,5.102095638150748,-0.016646413951236158,0.1018533472079343,11
all | a=10000 | 10y | Jul-Nov,4.705091321531138,5.792414672139683,-0.008100971396941378,3.7963052096982235,4.553080901895399,5.181507196633348,-0.012275513996283592,0.029393053277455516,11
all | a=1000 | 10y | Aug-Oct,4.711562991283072,5.797680611701226,-0.015376242845749264,3.8075942016366975,4.522525764201304,5.207071256920511,-0.0058038442443492785,0.0063667165888095165,9
all | a=100000 | 10y | Jul-Nov,4.711592921846959,5.790067080695898,-0.07453068166140757,3.86158290135548,4.566307551931909,5.158952823707208,-0.005773913680462407,0.05054000332068676,9
all | a=100000 | 10y | Aug-Oct,4.713059598809666,5.791196891399349,-0.08744866961863138,3.8465903520266274,4.56241242441006,5.170539315252088,-0.004307236717756431,0.04996997519030317,6
all | a=1 | 10y | Aug-Oct,4.717366835527422,5.804307725315513,-0.016076667872482783,3.8306230007682567,4.524424492904371,5.207723480771844,0.0,0.0,0
all | a=1000 | 10y | Jul-Nov,4.719012949453541,5.810709529184722,0.0017346143949612378,3.812144662155095,4.577934282163158,5.188356032432216,0.0016461139261184168,0.024192636460213295,11
pressure | a=100000 | 5y | Aug-Oct,4.720431108295847,5.843920242708161,0.6693876284446312,4.0009180102538,4.610705994744647,5.091488450597546,0.0030642727684245755,0.1093888564637058,10
all | a=1 | 10y | Jul-Nov,4.723821520921264,5.8171410206720235,0.002692676435425378,3.819682058637448,4.586943163924415,5.189593387462885,0.006454685393842096,0.024451527807485895,11
pressure | a=100000 | 5y | Jul-Nov,4.726884219629145,5.850077319839125,0.6365866836172787,4.012344675724148,4.618788315791257,5.094857420149701,0.009517384101722818,0.10623857382897385,10
pressure | a=10000 | 10y | Aug-Oct,4.740059190540875,5.81305343502777,-0.22572125526543382,3.8896035651061602,4.615451679314241,5.175750082308652,0.022692355013453097,0.07636381917909622,9
all | a=100000 | 5y | Sep,4.74056655598081,5.86851240993394,0.4801141042310708,3.940070021009391,4.679675517779929,5.118534522047464,0.023199720453388282,0.07438296777925861,9
pressure | a=1 | 10y | Aug-Oct,4.741048671629785,5.813905469842152,-0.22115153325109907,3.9313780178650823,4.592727157200634,5.172788353816826,0.023681836102362235,0.07067477197898905,10
pressure | a=1000 | 10y | Aug-Oct,4.741408182031084,5.814464211645005,-0.22201504019987875,3.9228666770230802,4.596626785788111,5.174930075785811,0.02404134650366151,0.07143403464897945,10
pressure | a=10000 | 5y | Sep,4.741618846319112,5.853926497474701,0.3159426830374808,3.8425548776604783,4.752591271476135,5.120823130073017,0.024252010791689926,0.07479615465867158,9
pressure | a=100000 | 5y | Sep,4.753265729938689,5.859509458263335,0.498575778751875,4.075265018593086,4.698860935814846,5.074948836403372,0.035898894411266834,0.09986694046635132,7
all | a=100000 | 10y | Sep,4.762277501758615,5.8446111015388365,-0.20262708305061855,3.8362760027251257,4.7059622856469705,5.1913760707776335,0.04491066623119307,0.0802479828258539,8
pressure | a=100000 | 10y | Aug-Oct,4.764722638093512,5.832782524959942,-0.21316790766348723,3.942219198017468,4.6593276646372335,5.177433222148727,0.04735580256609019,0.08570839877038468,6
pressure | a=10000 | 10y | Jul-Nov,4.76865222222509,5.8321027643963195,-0.22379779319593882,3.9335155922904605,4.669087400120749,5.183410315995504,0.051285386697668196,0.07142237378954865,6
pressure | a=1000 | 5y | Sep,4.770484661836993,5.879899645436624,0.31523301658739006,3.878584554357021,4.766242358737783,5.155283947252868,0.05311782630957036,0.07422527062933874,9
pressure | a=1000 | 10y | Jul-Nov,4.773962764202211,5.838314279124304,-0.2203311585070408,3.944026935742589,4.664614346295288,5.192066732713288,0.05659592867478846,0.0656758525975277,7
pressure | a=1 | 10y | Jul-Nov,4.775449205460542,5.840085814805239,-0.219754445334582,3.944925926730273,4.664574527852322,5.194671697355862,0.058082369933120284,0.06471740787958453,7
pressure | a=100000 | 10y | Jul-Nov,4.779773777164528,5.841780883824339,-0.22821425566179554,3.9722729489645885,4.690403819060265,5.176855158747268,0.062406941637105764,0.08392189062025138,5
all | a=10000 | 10y | Sep,4.783000637563071,5.8757206175066985,-0.09616562971573465,3.8016603988097586,4.673838148906747,5.266068627384739,0.0656338020356495,0.06502580867713295,10
pressure | a=1 | 5y | Sep,4.786697120206168,5.901402133181138,0.32782458256276925,3.8838440925452447,4.728091275266034,5.207126199323691,0.06933028467874568,0.08594250730791655,10
pressure | a=10000 | 10y | Sep,4.788926468749251,5.867095807097988,-0.2937433432643586,3.887323302669613,4.739964229509685,5.203388456102057,0.07155963322182964,0.09843269373184602,9
pressure | a=100000 | 10y | Sep,4.797954747286224,5.868790100638945,-0.2268890858632217,3.9812864643557306,4.743177988055588,5.179255794140333,0.08058791175880199,0.10473672535975842,7
pressure | a=1000 | 10y | Sep,4.798042850493566,5.872756244086659,-0.2815203726801153,3.965775946032571,4.7282303456407115,5.194683771823185,0.08067601496614432,0.09255119304175576,10
pressure | a=1 | 10y | Sep,4.805521369448068,5.877200221649063,-0.27430233265780385,3.9857488374414305,4.745813736332759,5.191062205520163,0.08815453392064682,0.09203320617192581,11
all | a=1000 | 10y | Sep,4.810741132463858,5.897973147563107,-0.02354786462225497,3.843053737481815,4.636052022016096,5.325384266971058,0.09337429693643569,0.07533507603964844,11
all | a=1 | 10y | Sep,4.8303540825151625,5.924168003975989,-0.005717056262536205,3.892103327095453,4.590964978742044,5.369411186271756,0.11298724698774067,0.09014001370045939,11
all | a=10000 | 5y | Sep,4.838368062023255,5.988489783133823,0.44716216644944395,3.809112368911401,4.806772137562618,5.297727411021351,0.12100122649583296,0.11410907672815804,10
climatology 5y,4.94863251189364,6.083369770953404,0.9458591512235012,4.929858624116615,4.716027285525303,5.089243138181196,0.23126567636621823,0.17032972903195567,8
all | a=1000 | 5y | Sep,4.953760562271842,6.088747576361309,0.440979461888369,3.797482396191366,4.873428023381169,5.495345776336252,0.23639372674442038,0.18111822988735932,11
all | a=1 | 5y | Sep,5.012227750911494,6.1441242050723925,0.41021359439698213,3.808060112626158,4.788375356889217,5.656217604656576,0.29486091538407144,0.22367785789124922,11
climatology 10y,5.019208393943377,6.07186697526621,0.0048686871036979695,4.973175828959405,4.818622779091378,5.153128855601876,0.3018415584159551,0.14073425918741583,4
