time_local,time_utc,lead_hours,station_ridge_f,gfs_ridge_f,climatology_f,raw_gfs_f,gradient_boosting_f
2026-09-17 00:00,2026-09-17T04:00Z,1,68.0,70.1,68.4,70.6,68.7
2026-09-17 01:00,2026-09-17T05:00Z,2,67.8,69.0,67.7,69.5,68.2
2026-09-17 02:00,2026-09-17T06:00Z,3,67.6,67.9,67.0,68.1,67.3
2026-09-17 03:00,2026-09-17T07:00Z,4,67.5,66.9,66.4,66.8,66.8
2026-09-17 04:00,2026-09-17T08:00Z,5,67.4,66.3,66.0,65.9,66.3
2026-09-17 05:00,2026-09-17T09:00Z,6,67.5,66.0,65.6,65.2,65.0
2026-09-17 06:00,2026-09-17T10:00Z,7,67.5,65.9,65.4,64.8,64.7
2026-09-17 07:00,2026-09-17T11:00Z,8,69.1,66.3,66.6,64.3,65.7
2026-09-17 08:00,2026-09-17T12:00Z,9,72.5,69.6,69.8,67.5,68.5
2026-09-17 09:00,2026-09-17T13:00Z,10,75.9,74.4,72.9,72.9,71.4
2026-09-17 10:00,2026-09-17T14:00Z,11,79.0,78.5,75.8,77.8,74.5
2026-09-17 11:00,2026-09-17T15:00Z,12,81.4,81.9,78.1,81.9,76.3
2026-09-17 12:00,2026-09-17T16:00Z,13,83.3,85.0,79.7,85.9,77.1
2026-09-17 13:00,2026-09-17T17:00Z,14,84.4,87.2,80.8,88.9,78.2
2026-09-17 14:00,2026-09-17T18:00Z,15,85.1,88.9,81.3,91.1,78.7
2026-09-17 15:00,2026-09-17T19:00Z,16,85.3,89.7,81.4,92.2,78.9
2026-09-17 16:00,2026-09-17T20:00Z,17,85.0,89.8,81.0,92.2,78.5
2026-09-17 17:00,2026-09-17T21:00Z,18,84.0,89.1,79.9,91.3,77.4
2026-09-17 18:00,2026-09-17T22:00Z,19,81.5,87.2,77.3,89.3,75.9
2026-09-17 19:00,2026-09-17T23:00Z,20,78.0,82.0,73.8,83.0,72.1
2026-09-17 20:00,2026-09-18T00:00Z,21,76.3,81.1,72.0,82.1,70.7
2026-09-17 21:00,2026-09-18T01:00Z,22,75.2,80.4,70.8,81.4,69.6
2026-09-17 22:00,2026-09-18T02:00Z,23,74.3,79.4,69.9,80.3,68.2
2026-09-17 23:00,2026-09-18T03:00Z,24,73.5,77.6,69.1,78.3,67.3
2026-09-18 00:00,2026-09-18T04:00Z,25,72.8,76.7,68.3,77.6,69.6
2026-09-18 01:00,2026-09-18T05:00Z,26,72.0,74.0,67.6,74.5,68.8
2026-09-18 02:00,2026-09-18T06:00Z,27,71.4,73.1,67.0,73.8,68.1
2026-09-18 03:00,2026-09-18T07:00Z,28,70.9,73.7,66.5,74.7,67.6
2026-09-18 04:00,2026-09-18T08:00Z,29,70.4,73.7,66.0,74.7,67.0
2026-09-18 05:00,2026-09-18T09:00Z,30,70.0,72.2,65.6,72.6,66.5
2026-09-18 06:00,2026-09-18T10:00Z,31,69.8,70.5,65.4,70.2,66.2
2026-09-18 07:00,2026-09-18T11:00Z,32,71.0,70.6,66.6,69.7,67.5
2026-09-18 08:00,2026-09-18T12:00Z,33,74.2,72.4,69.7,70.9,71.0
2026-09-18 09:00,2026-09-18T13:00Z,34,77.4,76.1,73.0,74.7,74.1
2026-09-18 10:00,2026-09-18T14:00Z,35,80.3,80.7,75.9,79.8,77.3
2026-09-18 11:00,2026-09-18T15:00Z,36,82.5,86.3,78.1,86.4,79.6
2026-09-18 12:00,2026-09-18T16:00Z,37,84.1,89.7,79.8,90.6,80.0
2026-09-18 13:00,2026-09-18T17:00Z,38,85.1,91.9,80.8,93.3,81.1
2026-09-18 14:00,2026-09-18T18:00Z,39,85.6,93.2,81.4,94.9,81.3
2026-09-18 15:00,2026-09-18T19:00Z,40,85.7,93.6,81.4,95.4,81.6
2026-09-18 16:00,2026-09-18T20:00Z,41,85.2,93.6,81.0,95.4,81.2
2026-09-18 17:00,2026-09-18T21:00Z,42,84.1,91.0,79.9,92.2,80.0
2026-09-18 18:00,2026-09-18T22:00Z,43,81.4,85.8,77.3,86.1,77.8
2026-09-18 19:00,2026-09-18T23:00Z,44,77.8,82.6,73.7,82.6,73.7
2026-09-18 20:00,2026-09-19T00:00Z,45,76.1,82.0,72.0,82.1,72.1
2026-09-18 21:00,2026-09-19T01:00Z,46,74.9,82.3,70.9,82.6,71.0
2026-09-18 22:00,2026-09-19T02:00Z,47,73.9,77.8,69.9,77.4,69.7
2026-09-18 23:00,2026-09-19T03:00Z,48,73.1,76.5,69.1,76.2,68.8
2026-09-19 00:00,2026-09-19T04:00Z,49,72.3,75.1,68.3,74.9,69.0
2026-09-19 01:00,2026-09-19T05:00Z,50,71.5,73.6,67.6,73.6,68.0
2026-09-19 02:00,2026-09-19T06:00Z,51,70.8,73.1,67.0,73.3,67.2
2026-09-19 03:00,2026-09-19T07:00Z,52,70.2,72.9,66.4,73.3,66.8
2026-09-19 04:00,2026-09-19T08:00Z,53,69.7,72.0,66.0,72.2,66.2
2026-09-19 05:00,2026-09-19T09:00Z,54,69.3,71.8,65.6,71.8,65.8
2026-09-19 06:00,2026-09-19T10:00Z,55,69.0,71.4,65.3,71.1,65.4
2026-09-19 07:00,2026-09-19T11:00Z,56,70.2,71.4,66.5,70.6,66.8
2026-09-19 08:00,2026-09-19T12:00Z,57,73.3,72.9,69.7,71.5,70.4
2026-09-19 09:00,2026-09-19T13:00Z,58,76.4,75.6,72.8,74.0,73.6
2026-09-19 10:00,2026-09-19T14:00Z,59,79.2,77.8,75.7,76.2,76.7
2026-09-19 11:00,2026-09-19T15:00Z,60,81.4,78.3,77.9,76.5,78.9
2026-09-19 12:00,2026-09-19T16:00Z,61,83.0,79.3,79.5,77.6,80.6
2026-09-19 13:00,2026-09-19T17:00Z,62,84.0,80.5,80.6,79.2,81.2
2026-09-19 14:00,2026-09-19T18:00Z,63,84.5,82.0,81.1,81.0,81.5
2026-09-19 15:00,2026-09-19T19:00Z,64,84.5,81.3,81.1,80.3,81.7
2026-09-19 16:00,2026-09-19T20:00Z,65,84.1,80.3,80.8,79.0,81.3
2026-09-19 17:00,2026-09-19T21:00Z,66,82.9,79.7,79.7,78.3,80.5
2026-09-19 18:00,2026-09-19T22:00Z,67,80.3,79.3,77.0,78.1,78.0
2026-09-19 19:00,2026-09-19T23:00Z,68,76.9,77.4,73.7,76.3,74.2
2026-09-19 20:00,2026-09-20T00:00Z,69,75.1,76.3,71.9,75.1,72.4
2026-09-19 21:00,2026-09-20T01:00Z,70,74.0,76.3,70.8,75.4,71.3
2026-09-19 22:00,2026-09-20T02:00Z,71,72.9,76.0,69.8,75.3,70.1
2026-09-19 23:00,2026-09-20T03:00Z,72,72.1,75.0,69.0,74.5,69.2
2026-09-20 00:00,2026-09-20T04:00Z,73,71.2,74.2,68.2,74.0,68.4
2026-09-20 01:00,2026-09-20T05:00Z,74,70.5,73.4,67.5,73.6,67.5
2026-09-20 02:00,2026-09-20T06:00Z,75,69.8,72.9,66.8,73.3,66.7
2026-09-20 03:00,2026-09-20T07:00Z,76,69.2,72.7,66.3,73.3,66.2
2026-09-20 04:00,2026-09-20T08:00Z,77,68.7,72.6,65.8,73.3,65.6
2026-09-20 05:00,2026-09-20T09:00Z,78,68.3,72.4,65.4,72.9,65.1
2026-09-20 06:00,2026-09-20T10:00Z,79,68.0,70.6,65.2,70.4,64.9
2026-09-20 07:00,2026-09-20T11:00Z,80,69.1,71.6,66.2,71.1,66.1
2026-09-20 08:00,2026-09-20T12:00Z,81,72.2,73.3,69.4,72.2,69.8
2026-09-20 09:00,2026-09-20T13:00Z,82,75.2,75.1,72.5,73.6,72.9
2026-09-20 10:00,2026-09-20T14:00Z,83,78.0,76.7,75.2,74.9,75.9
2026-09-20 11:00,2026-09-20T15:00Z,84,80.1,78.6,77.4,76.9,78.0
2026-09-20 12:00,2026-09-20T16:00Z,85,81.7,83.7,79.0,83.4,80.1
2026-09-20 13:00,2026-09-20T17:00Z,86,82.8,86.1,80.1,86.6,80.6
2026-09-20 14:00,2026-09-20T18:00Z,87,83.3,87.8,80.7,88.9,80.9
2026-09-20 15:00,2026-09-20T19:00Z,88,83.3,88.7,80.7,90.2,81.0
2026-09-20 16:00,2026-09-20T20:00Z,89,82.9,88.0,80.3,89.3,80.7
2026-09-20 17:00,2026-09-20T21:00Z,90,81.9,83.2,79.3,83.0,80.2
2026-09-20 18:00,2026-09-20T22:00Z,91,79.3,81.1,76.7,80.7,77.4
2026-09-20 19:00,2026-09-20T23:00Z,92,76.0,80.3,73.5,80.5,73.8
2026-09-20 20:00,2026-09-21T00:00Z,93,74.1,78.9,71.6,79.0,72.1
2026-09-20 21:00,2026-09-21T01:00Z,94,72.9,76.5,70.5,76.2,71.0
2026-09-20 22:00,2026-09-21T02:00Z,95,72.0,73.3,69.5,72.2,70.1
2026-09-20 23:00,2026-09-21T03:00Z,96,71.1,71.8,68.7,70.8,69.0
2026-09-21 00:00,2026-09-21T04:00Z,97,70.3,71.2,67.9,70.6,68.2
2026-09-21 01:00,2026-09-21T05:00Z,98,69.6,70.9,67.2,70.8,67.4
2026-09-21 02:00,2026-09-21T06:00Z,99,68.9,70.4,66.6,70.6,66.7
2026-09-21 03:00,2026-09-21T07:00Z,100,68.4,69.6,66.0,69.7,66.2
2026-09-21 04:00,2026-09-21T08:00Z,101,67.9,69.3,65.6,69.5,65.7
2026-09-21 05:00,2026-09-21T09:00Z,102,67.4,69.4,65.2,69.5,65.2
2026-09-21 06:00,2026-09-21T10:00Z,103,67.2,69.6,64.9,69.7,64.9
2026-09-21 07:00,2026-09-21T11:00Z,104,68.2,70.2,66.0,69.7,66.1
2026-09-21 08:00,2026-09-21T12:00Z,105,71.4,72.7,69.2,71.7,69.7
2026-09-21 09:00,2026-09-21T13:00Z,106,74.5,76.2,72.4,75.3,72.8
2026-09-21 10:00,2026-09-21T14:00Z,107,77.3,80.1,75.2,79.8,75.8
2026-09-21 11:00,2026-09-21T15:00Z,108,79.4,80.8,77.3,80.1,78.0
2026-09-21 12:00,2026-09-21T16:00Z,109,81.0,78.1,78.9,75.8,80.1
2026-09-21 13:00,2026-09-21T17:00Z,110,82.1,77.3,80.0,74.4,80.6
2026-09-21 14:00,2026-09-21T18:00Z,111,82.6,79.2,80.6,77.1,81.0
2026-09-21 15:00,2026-09-21T19:00Z,112,82.7,78.6,80.6,76.3,81.1
2026-09-21 16:00,2026-09-21T20:00Z,113,82.3,78.1,80.2,75.5,80.8
2026-09-21 17:00,2026-09-21T21:00Z,114,81.2,76.9,79.1,74.0,80.1
2026-09-21 18:00,2026-09-21T22:00Z,115,78.6,74.4,76.6,71.1,77.4
2026-09-21 19:00,2026-09-21T23:00Z,116,75.3,71.2,73.3,67.6,73.7
2026-09-21 20:00,2026-09-22T00:00Z,117,73.4,69.1,71.5,65.0,71.9
2026-09-21 21:00,2026-09-22T01:00Z,118,72.2,68.3,70.3,64.3,70.9
2026-09-21 22:00,2026-09-22T02:00Z,119,71.3,68.1,69.3,64.5,69.9
2026-09-21 23:00,2026-09-22T03:00Z,120,70.4,67.7,68.5,64.6,68.9
2026-09-22 00:00,2026-09-22T04:00Z,121,69.7,67.0,67.8,64.3,68.1
2026-09-22 01:00,2026-09-22T05:00Z,122,68.9,66.2,67.0,63.8,67.3
2026-09-22 02:00,2026-09-22T06:00Z,123,68.3,65.6,66.4,63.4,66.6
2026-09-22 03:00,2026-09-22T07:00Z,124,67.7,65.1,65.9,63.1,66.1
2026-09-22 04:00,2026-09-22T08:00Z,125,67.3,65.0,65.5,63.0,65.7
2026-09-22 05:00,2026-09-22T09:00Z,126,66.8,64.8,65.0,62.8,65.1
2026-09-22 06:00,2026-09-22T10:00Z,127,66.5,64.8,64.7,62.5,64.8
2026-09-22 07:00,2026-09-22T11:00Z,128,67.6,65.2,65.8,62.2,66.0
2026-09-22 08:00,2026-09-22T12:00Z,129,70.8,66.8,69.0,62.3,69.3
2026-09-22 09:00,2026-09-22T13:00Z,130,73.9,68.4,72.1,62.8,72.2
2026-09-22 10:00,2026-09-22T14:00Z,131,76.7,70.1,75.0,63.7,75.0
2026-09-22 11:00,2026-09-22T15:00Z,132,78.7,71.4,77.0,64.8,77.1
2026-09-22 12:00,2026-09-22T16:00Z,133,80.4,72.9,78.7,66.4,78.9
2026-09-22 13:00,2026-09-22T17:00Z,134,81.5,74.3,79.8,68.3,80.1
2026-09-22 14:00,2026-09-22T18:00Z,135,82.0,75.3,80.3,69.9,80.1
2026-09-22 15:00,2026-09-22T19:00Z,136,82.0,76.0,80.4,71.0,80.0
2026-09-22 16:00,2026-09-22T20:00Z,137,81.6,76.4,80.0,71.9,80.3
2026-09-22 17:00,2026-09-22T21:00Z,138,80.5,76.3,78.9,72.2,79.0
2026-09-22 18:00,2026-09-22T22:00Z,139,77.9,75.1,76.2,71.6,76.4
2026-09-22 19:00,2026-09-22T23:00Z,140,74.6,73.3,73.0,70.4,72.8
2026-09-22 20:00,2026-09-23T00:00Z,141,72.9,72.1,71.3,69.3,71.4
2026-09-22 21:00,2026-09-23T01:00Z,142,71.7,71.3,70.1,68.7,70.3
2026-09-22 22:00,2026-09-23T02:00Z,143,70.8,70.5,69.2,68.1,69.4
2026-09-22 23:00,2026-09-23T03:00Z,144,70.0,69.6,68.4,67.5,68.5
2026-09-23 00:00,2026-09-23T04:00Z,145,69.3,68.6,67.7,66.6,67.8
2026-09-23 01:00,2026-09-23T05:00Z,146,68.4,67.4,66.9,65.6,67.0
2026-09-23 02:00,2026-09-23T06:00Z,147,67.8,66.6,66.3,64.8,66.3
2026-09-23 03:00,2026-09-23T07:00Z,148,67.2,66.0,65.7,64.3,65.8
2026-09-23 04:00,2026-09-23T08:00Z,149,66.8,65.6,65.3,63.9,65.4
2026-09-23 05:00,2026-09-23T09:00Z,150,66.3,65.5,64.8,63.7,64.9
2026-09-23 06:00,2026-09-23T10:00Z,151,66.1,65.5,64.6,63.6,64.7
2026-09-23 07:00,2026-09-23T11:00Z,152,67.1,66.3,65.7,63.6,65.7
2026-09-23 08:00,2026-09-23T12:00Z,153,70.2,68.2,68.8,64.1,69.0
2026-09-23 09:00,2026-09-23T13:00Z,154,73.2,70.6,71.8,65.6,71.8
2026-09-23 10:00,2026-09-23T14:00Z,155,76.0,73.0,74.6,67.7,74.5
2026-09-23 11:00,2026-09-23T15:00Z,156,78.1,74.7,76.7,69.3,76.7
2026-09-23 12:00,2026-09-23T16:00Z,157,79.8,75.7,78.4,70.0,78.5
2026-09-23 13:00,2026-09-23T17:00Z,158,80.9,76.3,79.6,70.3,79.8
2026-09-23 14:00,2026-09-23T18:00Z,159,81.4,76.7,80.1,70.8,79.9
2026-09-23 15:00,2026-09-23T19:00Z,160,81.4,77.2,80.1,72.0,80.1
2026-09-23 16:00,2026-09-23T20:00Z,161,81.0,77.8,79.7,73.4,79.8
2026-09-23 17:00,2026-09-23T21:00Z,162,79.8,77.6,78.5,73.8,78.4
2026-09-23 18:00,2026-09-23T22:00Z,163,77.2,75.8,75.8,72.4,75.8
2026-09-23 19:00,2026-09-23T23:00Z,164,73.9,73.1,72.6,69.9,72.4
2026-09-23 20:00,2026-09-24T00:00Z,165,72.3,71.6,71.0,68.1,70.8
2026-09-23 21:00,2026-09-24T01:00Z,166,71.1,70.7,69.8,67.4,69.8
2026-09-23 22:00,2026-09-24T02:00Z,167,70.3,70.2,69.0,67.3,69.1
2026-09-23 23:00,2026-09-24T03:00Z,168,69.5,69.6,68.2,67.3,68.2
2026-09-24 00:00,2026-09-24T04:00Z,169,68.7,69.0,67.5,67.4,68.1
2026-09-24 01:00,2026-09-24T05:00Z,170,67.9,68.4,66.7,67.6,67.2
2026-09-24 02:00,2026-09-24T06:00Z,171,67.3,67.8,66.1,67.5,66.6
2026-09-24 03:00,2026-09-24T07:00Z,172,66.7,67.0,65.4,66.7,66.1
2026-09-24 04:00,2026-09-24T08:00Z,173,66.3,66.4,65.1,65.6,65.7
2026-09-24 05:00,2026-09-24T09:00Z,174,65.8,66.0,64.6,64.8,65.2
2026-09-24 06:00,2026-09-24T10:00Z,175,65.6,65.9,64.4,64.4,64.9
2026-09-24 07:00,2026-09-24T11:00Z,176,66.6,66.7,65.4,64.4,65.9
2026-09-24 08:00,2026-09-24T12:00Z,177,69.6,69.1,68.4,65.5,69.1
2026-09-24 09:00,2026-09-24T13:00Z,178,72.6,72.2,71.4,68.5,72.0
2026-09-24 10:00,2026-09-24T14:00Z,179,75.4,75.5,74.3,72.7,74.7
2026-09-24 11:00,2026-09-24T15:00Z,180,77.5,78.1,76.3,76.5,76.8
2026-09-24 12:00,2026-09-24T16:00Z,181,79.2,80.3,78.1,79.9,78.4
2026-09-24 13:00,2026-09-24T17:00Z,182,80.3,82.0,79.2,83.0,79.6
2026-09-24 14:00,2026-09-24T18:00Z,183,80.9,82.8,79.8,84.6,79.9
2026-09-24 15:00,2026-09-24T19:00Z,184,81.0,82.4,79.9,83.8,80.1
2026-09-24 16:00,2026-09-24T20:00Z,185,80.5,81.4,79.5,81.6,79.7
2026-09-24 17:00,2026-09-24T21:00Z,186,79.3,80.0,78.2,79.4,78.3
2026-09-24 18:00,2026-09-24T22:00Z,187,76.6,78.0,75.5,77.9,75.6
2026-09-24 19:00,2026-09-24T23:00Z,188,73.3,75.7,72.3,76.5,72.4
2026-09-24 20:00,2026-09-25T00:00Z,189,71.7,74.2,70.6,74.9,70.7
2026-09-24 21:00,2026-09-25T01:00Z,190,70.5,72.7,69.5,72.6,69.6
2026-09-24 22:00,2026-09-25T02:00Z,191,69.7,71.2,68.7,70.1,68.9
2026-09-24 23:00,2026-09-25T03:00Z,192,68.9,69.7,67.9,68.1,68.0
2026-09-25 00:00,2026-09-25T04:00Z,193,68.2,68.5,67.1,66.7,67.4
2026-09-25 01:00,2026-09-25T05:00Z,194,67.3,67.5,66.3,65.8,66.5
2026-09-25 02:00,2026-09-25T06:00Z,195,66.7,66.6,65.7,65.0,66.0
2026-09-25 03:00,2026-09-25T07:00Z,196,66.0,65.8,65.0,64.1,65.4
2026-09-25 04:00,2026-09-25T08:00Z,197,65.7,65.4,64.7,63.4,65.2
2026-09-25 05:00,2026-09-25T09:00Z,198,65.3,65.2,64.3,63.0,64.8
2026-09-25 06:00,2026-09-25T10:00Z,199,65.0,65.1,64.1,62.6,64.4
2026-09-25 07:00,2026-09-25T11:00Z,200,66.0,65.9,65.0,62.5,65.4
2026-09-25 08:00,2026-09-25T12:00Z,201,69.0,68.6,68.1,63.9,68.6
2026-09-25 09:00,2026-09-25T13:00Z,202,72.1,72.1,71.2,67.8,71.7
2026-09-25 10:00,2026-09-25T14:00Z,203,75.0,75.7,74.1,73.2,74.6
2026-09-25 11:00,2026-09-25T15:00Z,204,77.2,78.5,76.3,77.8,76.7
2026-09-25 12:00,2026-09-25T16:00Z,205,79.0,80.4,78.0,80.8,78.4
2026-09-25 13:00,2026-09-25T17:00Z,206,80.1,81.7,79.2,83.1,79.7
2026-09-25 14:00,2026-09-25T18:00Z,207,80.8,82.5,79.8,84.6,80.1
2026-09-25 15:00,2026-09-25T19:00Z,208,80.8,82.8,79.9,85.7,80.2
2026-09-25 16:00,2026-09-25T20:00Z,209,80.4,82.6,79.5,86.0,79.8
2026-09-25 17:00,2026-09-25T21:00Z,210,79.1,81.6,78.2,85.0,78.3
2026-09-25 18:00,2026-09-25T22:00Z,211,76.2,78.8,75.4,81.6,75.5
2026-09-25 19:00,2026-09-25T23:00Z,212,73.0,75.3,72.1,76.8,72.3
2026-09-25 20:00,2026-09-26T00:00Z,213,71.3,73.2,70.4,72.9,70.6
2026-09-25 21:00,2026-09-26T01:00Z,214,70.1,71.8,69.2,71.0,69.4
2026-09-25 22:00,2026-09-26T02:00Z,215,69.3,70.9,68.5,70.0,68.6
2026-09-25 23:00,2026-09-26T03:00Z,216,68.5,69.9,67.6,69.1,67.7
2026-09-26 00:00,2026-09-26T04:00Z,217,67.7,68.9,66.9,68.3,66.9
2026-09-26 01:00,2026-09-26T05:00Z,218,66.8,67.8,66.0,67.6,65.9
2026-09-26 02:00,2026-09-26T06:00Z,219,66.2,66.9,65.3,66.6,65.3
2026-09-26 03:00,2026-09-26T07:00Z,220,65.5,65.9,64.7,65.1,64.8
2026-09-26 04:00,2026-09-26T08:00Z,221,65.2,65.3,64.3,63.3,64.6
2026-09-26 05:00,2026-09-26T09:00Z,222,64.7,64.8,63.9,62.1,64.1
2026-09-26 06:00,2026-09-26T10:00Z,223,64.4,64.7,63.6,61.7,63.8
2026-09-26 07:00,2026-09-26T11:00Z,224,65.4,65.7,64.6,61.9,64.8
2026-09-26 08:00,2026-09-26T12:00Z,225,68.5,68.5,67.7,62.8,68.0
2026-09-26 09:00,2026-09-26T13:00Z,226,71.7,71.4,70.9,64.8,71.2
2026-09-26 10:00,2026-09-26T14:00Z,227,74.6,74.2,73.8,67.5,74.1
2026-09-26 11:00,2026-09-26T15:00Z,228,76.8,76.3,76.0,69.9,76.3
2026-09-26 12:00,2026-09-26T16:00Z,229,78.6,77.9,77.8,71.8,77.9
2026-09-26 13:00,2026-09-26T17:00Z,230,79.8,79.1,79.1,73.5,79.0
2026-09-26 14:00,2026-09-26T18:00Z,231,80.5,79.6,79.7,74.2,79.6
2026-09-26 15:00,2026-09-26T19:00Z,232,80.5,79.4,79.7,73.4,79.6
2026-09-26 16:00,2026-09-26T20:00Z,233,80.1,78.8,79.3,71.6,79.1
2026-09-26 17:00,2026-09-26T21:00Z,234,78.7,77.6,78.0,69.9,77.7
2026-09-26 18:00,2026-09-26T22:00Z,235,75.7,75.1,75.0,68.2,74.9
2026-09-26 19:00,2026-09-26T23:00Z,236,72.4,72.5,71.7,66.5,71.8
2026-09-26 20:00,2026-09-27T00:00Z,237,70.8,71.1,70.1,65.2,70.1
2026-09-26 21:00,2026-09-27T01:00Z,238,69.5,70.0,68.8,64.5,68.8
2026-09-26 22:00,2026-09-27T02:00Z,239,68.8,69.3,68.1,64.1,68.2
2026-09-26 23:00,2026-09-27T03:00Z,240,68.0,68.4,67.3,63.7,67.3
2026-09-27 00:00,2026-09-27T04:00Z,241,67.2,67.5,66.5,63.2,66.2
2026-09-27 01:00,2026-09-27T05:00Z,242,66.3,66.4,65.6,62.5,65.3
2026-09-27 02:00,2026-09-27T06:00Z,243,65.7,65.6,65.0,61.8,64.7
2026-09-27 03:00,2026-09-27T07:00Z,244,65.0,64.8,64.4,60.8,64.2
2026-09-27 04:00,2026-09-27T08:00Z,245,64.7,64.5,64.1,59.7,64.0
2026-09-27 05:00,2026-09-27T09:00Z,246,64.3,64.1,63.6,58.7,63.5
2026-09-27 06:00,2026-09-27T10:00Z,247,64.0,63.9,63.3,57.5,63.2
2026-09-27 07:00,2026-09-27T11:00Z,248,64.8,64.6,64.2,56.3,64.2
2026-09-27 08:00,2026-09-27T12:00Z,249,68.0,67.4,67.3,56.4,67.2
2026-09-27 09:00,2026-09-27T13:00Z,250,71.2,70.4,70.5,58.4,70.4
2026-09-27 10:00,2026-09-27T14:00Z,251,74.1,73.4,73.5,61.5,73.3
2026-09-27 11:00,2026-09-27T15:00Z,252,76.4,75.6,75.7,64.3,75.5
2026-09-27 12:00,2026-09-27T16:00Z,253,78.1,77.1,77.5,66.1,77.0
2026-09-27 13:00,2026-09-27T17:00Z,254,79.4,78.3,78.8,67.6,78.2
2026-09-27 14:00,2026-09-27T18:00Z,255,80.1,78.9,79.5,68.6,78.7
2026-09-27 15:00,2026-09-27T19:00Z,256,80.1,79.0,79.4,69.2,78.8
2026-09-27 16:00,2026-09-27T20:00Z,257,79.6,78.7,78.9,69.3,78.2
2026-09-27 17:00,2026-09-27T21:00Z,258,78.2,77.6,77.6,68.6,76.8
2026-09-27 18:00,2026-09-27T22:00Z,259,75.1,74.9,74.5,66.3,74.2
2026-09-27 19:00,2026-09-27T23:00Z,260,71.9,72.0,71.4,63.2,71.1
2026-09-27 20:00,2026-09-28T00:00Z,261,70.2,70.4,69.6,60.7,69.3
2026-09-27 21:00,2026-09-28T01:00Z,262,69.0,69.2,68.4,59.4,68.1
2026-09-27 22:00,2026-09-28T02:00Z,263,68.2,68.4,67.7,58.6,67.5
2026-09-27 23:00,2026-09-28T03:00Z,264,67.5,67.6,66.9,58.0,66.5
2026-09-28 00:00,2026-09-28T04:00Z,265,66.7,66.5,66.1,57.1,65.7
2026-09-28 01:00,2026-09-28T05:00Z,266,65.8,65.5,65.3,56.3,65.0
2026-09-28 02:00,2026-09-28T06:00Z,267,65.2,64.7,64.6,55.8,64.3
2026-09-28 03:00,2026-09-28T07:00Z,268,64.6,64.1,64.0,55.9,63.8
2026-09-28 04:00,2026-09-28T08:00Z,269,64.2,64.0,63.7,56.4,63.5
2026-09-28 05:00,2026-09-28T09:00Z,270,63.8,63.8,63.2,56.9,63.0
2026-09-28 06:00,2026-09-28T10:00Z,271,63.4,63.8,62.9,57.1,62.7
2026-09-28 07:00,2026-09-28T11:00Z,272,64.3,64.8,63.7,57.3,63.7
2026-09-28 08:00,2026-09-28T12:00Z,273,67.4,67.9,66.9,58.2,66.8
2026-09-28 09:00,2026-09-28T13:00Z,274,70.7,71.1,70.2,60.3,70.1
2026-09-28 10:00,2026-09-28T14:00Z,275,73.7,74.1,73.2,63.2,73.1
2026-09-28 11:00,2026-09-28T15:00Z,276,76.0,76.2,75.5,65.7,75.3
2026-09-28 12:00,2026-09-28T16:00Z,277,77.7,77.8,77.2,67.7,76.8
2026-09-28 13:00,2026-09-28T17:00Z,278,79.1,79.0,78.6,69.4,78.0
2026-09-28 14:00,2026-09-28T18:00Z,279,79.8,79.6,79.3,70.4,78.6
2026-09-28 15:00,2026-09-28T19:00Z,280,79.8,79.6,79.3,70.3,78.6
2026-09-28 16:00,2026-09-28T20:00Z,281,79.2,79.1,78.7,69.5,78.0
2026-09-28 17:00,2026-09-28T21:00Z,282,77.8,77.9,77.3,68.6,76.5
2026-09-28 18:00,2026-09-28T22:00Z,283,74.6,75.2,74.1,67.5,73.7
2026-09-28 19:00,2026-09-28T23:00Z,284,71.5,72.5,71.0,66.3,70.6
2026-09-28 20:00,2026-09-29T00:00Z,285,69.8,71.1,69.3,65.4,69.0
2026-09-28 21:00,2026-09-29T01:00Z,286,68.6,70.0,68.1,64.8,67.8
2026-09-28 22:00,2026-09-29T02:00Z,287,67.9,69.3,67.5,64.4,67.2
2026-09-28 23:00,2026-09-29T03:00Z,288,67.2,68.4,66.7,64.1,66.2
2026-09-29 00:00,2026-09-29T04:00Z,289,66.4,67.4,65.9,63.7,65.2
2026-09-29 01:00,2026-09-29T05:00Z,290,65.6,66.4,65.1,63.4,64.5
2026-09-29 02:00,2026-09-29T06:00Z,291,64.9,65.7,64.5,63.2,63.8
2026-09-29 03:00,2026-09-29T07:00Z,292,64.3,65.0,63.8,63.3,63.3
2026-09-29 04:00,2026-09-29T08:00Z,293,63.8,64.7,63.4,63.6,62.9
2026-09-29 05:00,2026-09-29T09:00Z,294,63.4,64.5,62.9,63.8,62.4
2026-09-29 06:00,2026-09-29T10:00Z,295,63.1,64.4,62.6,63.9,62.1
2026-09-29 07:00,2026-09-29T11:00Z,296,63.9,65.4,63.4,63.9,63.1
2026-09-29 08:00,2026-09-29T12:00Z,297,67.1,68.6,66.6,64.1,66.2
2026-09-29 09:00,2026-09-29T13:00Z,298,70.4,71.7,69.9,64.4,69.6
2026-09-29 10:00,2026-09-29T14:00Z,299,73.5,74.6,73.0,64.8,72.5
2026-09-29 11:00,2026-09-29T15:00Z,300,75.7,76.6,75.3,65.7,74.7
2026-09-29 12:00,2026-09-29T16:00Z,301,77.5,78.1,77.0,67.3,76.3
2026-09-29 13:00,2026-09-29T17:00Z,302,78.8,79.3,78.4,69.4,77.4
2026-09-29 14:00,2026-09-29T18:00Z,303,79.6,80.0,79.2,71.1,78.1
2026-09-29 15:00,2026-09-29T19:00Z,304,79.6,80.1,79.2,72.4,78.1
2026-09-29 16:00,2026-09-29T20:00Z,305,79.1,79.7,78.6,73.4,77.5
2026-09-29 17:00,2026-09-29T21:00Z,306,77.6,78.5,77.2,73.8,76.1
2026-09-29 18:00,2026-09-29T22:00Z,307,74.3,75.6,73.9,73.2,73.1
2026-09-29 19:00,2026-09-29T23:00Z,308,71.1,72.8,70.7,71.9,70.0
2026-09-29 20:00,2026-09-30T00:00Z,309,69.5,71.4,69.1,70.9,68.6
2026-09-29 21:00,2026-09-30T01:00Z,310,68.2,70.2,67.9,70.5,67.4
2026-09-29 22:00,2026-09-30T02:00Z,311,67.7,69.5,67.3,70.4,66.8
2026-09-29 23:00,2026-09-30T03:00Z,312,66.9,68.6,66.5,70.2,65.8
2026-09-30 00:00,2026-09-30T04:00Z,313,66.1,67.6,65.7,69.8,65.0
2026-09-30 01:00,2026-09-30T05:00Z,314,65.2,66.5,64.8,69.4,64.3
2026-09-30 02:00,2026-09-30T06:00Z,315,64.6,65.7,64.2,69.2,63.6
2026-09-30 03:00,2026-09-30T07:00Z,316,63.9,65.0,63.6,69.4,63.2
2026-09-30 04:00,2026-09-30T08:00Z,317,63.6,64.7,63.2,69.7,62.8
2026-09-30 05:00,2026-09-30T09:00Z,318,63.1,64.4,62.8,70.0,62.4
2026-09-30 06:00,2026-09-30T10:00Z,319,62.8,64.3,62.4,69.9,62.0
2026-09-30 07:00,2026-09-30T11:00Z,320,63.6,65.3,63.2,69.7,63.0
2026-09-30 08:00,2026-09-30T12:00Z,321,66.8,68.6,66.4,70.2,66.0
2026-09-30 09:00,2026-09-30T13:00Z,322,70.0,71.8,69.6,72.2,69.2
2026-09-30 10:00,2026-09-30T14:00Z,323,73.1,74.9,72.8,74.8,72.2
2026-09-30 11:00,2026-09-30T15:00Z,324,75.5,77.1,75.1,76.5,74.5
2026-09-30 12:00,2026-09-30T16:00Z,325,77.3,78.6,76.9,76.5,76.2
2026-09-30 13:00,2026-09-30T17:00Z,326,78.7,79.8,78.3,75.7,77.4
2026-09-30 14:00,2026-09-30T18:00Z,327,79.4,80.3,79.1,74.5,78.0
2026-09-30 15:00,2026-09-30T19:00Z,328,79.4,80.3,79.0,73.2,77.9
2026-09-30 16:00,2026-09-30T20:00Z,329,78.9,79.9,78.5,71.7,77.4
2026-09-30 17:00,2026-09-30T21:00Z,330,77.3,78.5,77.0,70.4,75.9
2026-09-30 18:00,2026-09-30T22:00Z,331,74.0,75.5,73.7,69.7,72.8
2026-09-30 19:00,2026-09-30T23:00Z,332,70.9,72.5,70.5,69.3,69.7
2026-09-30 20:00,2026-10-01T00:00Z,333,69.3,71.1,69.0,69.0,68.3
2026-09-30 21:00,2026-10-01T01:00Z,334,68.0,70.0,67.7,68.8,67.0
2026-09-30 22:00,2026-10-01T02:00Z,335,67.4,69.3,67.1,68.8,66.4
2026-09-30 23:00,2026-10-01T03:00Z,336,66.7,68.4,66.4,68.6,65.3
