station,valid,tmpf,metar
RDU,2026-09-17 04:51,69.00,KRDU 170451Z 00000KT 10SM CLR 21/17 A3033 RMK AO2 SLP264 T02060167 403000156
RDU,2026-09-17 05:51,68.00,KRDU 170551Z 00000KT 10SM CLR 20/17 A3031 RMK AO2 SLP261 T02000167 10256 20194 58007
RDU,2026-09-17 06:51,66.00,KRDU 170651Z 00000KT 10SM CLR 19/17 A3030 RMK AO2 SLP256 T01890167
RDU,2026-09-17 07:51,65.00,KRDU 170751Z 00000KT 10SM CLR 18/17 A3028 RMK AO2 SLP249 T01830167
RDU,2026-09-17 08:51,64.00,KRDU 170851Z 00000KT 10SM FEW250 18/16 A3028 RMK AO2 SLP248 T01780161 56012
RDU,2026-09-17 09:51,64.00,KRDU 170951Z 00000KT 10SM FEW250 18/16 A3029 RMK AO2 SLP252 T01780161
RDU,2026-09-17 10:51,63.00,KRDU 171051Z 00000KT 10SM FEW250 17/16 A3029 RMK AO2 SLP252 T01720161 $
RDU,2026-09-17 11:51,67.00,KRDU 171151Z 00000KT 10SM FEW250 19/17 A3030 RMK AO2 SLP257 T01940172 10200 20172 53008 $
RDU,2026-09-17 12:51,72.00,KRDU 171251Z 22003KT 10SM FEW250 22/18 A3031 RMK AO2 SLP260 T02220183 $
RDU,2026-09-17 13:51,78.00,KRDU 171351Z 22004KT 10SM FEW250 26/18 A3031 RMK AO2 SLP261 T02560178 $
RDU,2026-09-17 14:51,82.00,KRDU 171451Z 26004KT 10SM FEW250 28/17 A3031 RMK AO2 SLP259 T02780172 50002 $
RDU,2026-09-17 15:51,84.00,KRDU 171551Z 00000KT 10SM FEW250 29/17 A3029 RMK AO2 SLP253 T02890172 $
RDU,2026-09-17 16:51,87.00,KRDU 171651Z VRB03KT 10SM FEW250 31/17 A3028 RMK AO2 SLP248 T03060167 $
RDU,2026-09-17 17:51,88.00,KRDU 171751Z VRB04KT 10SM FEW250 31/16 A3025 RMK AO2 SLP238 T03110161 10311 20194 58021 $
RDU,2026-09-17 18:51,91.00,KRDU 171851Z 12008KT 10SM FEW250 33/17 A3021 RMK AO2 SLP225 T03280167 $
RDU,2026-09-17 19:51,92.00,KRDU 171951Z 16007KT 10SM FEW060 FEW250 33/17 A3019 RMK AO2 SLP216 T03330167 $
RDU,2026-09-17 20:51,92.00,KRDU 172051Z 21006KT 10SM FEW065 FEW250 33/16 A3017 RMK AO2 SLP212 T03330161 56025 $
RDU,2026-09-17 21:51,91.00,KRDU 172151Z 13007KT 10SM FEW065 FEW250 33/16 A3017 RMK AO2 SLP210 T03280161 $
RDU,2026-09-17 22:51,88.00,KRDU 172251Z 14004KT 10SM FEW250 31/17 A3017 RMK AO2 SLP212 T03110167 $
RDU,2026-09-17 23:51,84.00,KRDU 172351Z 16003KT 10SM FEW120 SCT250 29/18 A3018 RMK AO2 SLP213 T02890183 10339 20283 53001 $
RDU,2026-09-18 00:51,83.00,KRDU 180051Z 00000KT 10SM SCT120 28/18 A3018 RMK AO2 SLP216 T02830183 $
RDU,2026-09-18 01:51,81.00,KRDU 180151Z 21004KT 10SM BKN120 27/18 A3018 RMK AO2 SLP215 T02720183 $
RDU,2026-09-18 02:51,80.00,KRDU 180251Z 22005KT 10SM BKN120 27/18 A3018 RMK AO2 SLP214 T02670183 50002 $
RDU,2026-09-18 03:51,79.00,KRDU 180351Z 24003KT 10SM FEW120 BKN160 26/18 A3018 RMK AO2 SLP212 T02610183 $
RDU,2026-09-18 04:51,79.00,KRDU 180451Z 23004KT 10SM FEW110 OVC140 26/18 A3016 RMK AO2 SLP206 T02610183 403390172 $
RDU,2026-09-18 05:51,79.00,KRDU 180551Z 23004KT 10SM OVC130 26/18 A3014 RMK AO2 SLP202 T02610183 10289 20256 58012 $
RDU,2026-09-18 06:51,78.00,KRDU 180651Z 22006KT 10SM OVC120 26/18 A3013 RMK AO2 SLP196 T02560178 $
RDU,2026-09-18 07:51,76.00,KRDU 180751Z 22006KT 10SM BKN140 24/19 A3012 RMK AO2 RAB10E22 SLP194 P0000 T02440189 $
RDU,2026-09-18 08:51,76.00,KRDU 180851Z 21006KT 10SM FEW070 FEW090 BKN150 24/18 A3012 RMK AO2 SLP193 60000 T02440183 56009 $
RDU,2026-09-18 09:51,75.00,KRDU 180951Z 24004KT 10SM FEW075 FEW100 SCT150 24/18 A3012 RMK AO2 SLP192 T02390183 $
RDU,2026-09-18 10:51,74.00,KRDU 181051Z 22005KT 10SM FEW080 FEW100 SCT150 23/18 A3012 RMK AO2 SLP194 T02330183 $
RDU,2026-09-18 11:51,74.00,KRDU 181151Z 00000KT 10SM FEW100 SCT160 23/18 A3013 RMK AO2 SLP196 60000 T02330183 10261 20228 53003 $
RDU,2026-09-18 12:51,77.00,KRDU 181251Z 00000KT 10SM FEW100 SCT150 25/19 A3013 RMK AO2 SLP196 T02500189 $
RDU,2026-09-18 13:51,83.00,KRDU 181351Z 00000KT 10SM FEW180 FEW250 28/20 A3013 RMK AO2 SLP197 T02830200 $
RDU,2026-09-18 14:51,88.00,KRDU 181451Z 32005KT 10SM FEW080 BKN120 BKN250 31/21 A3013 RMK AO2 SLP198 T03110206 53002 $
RDU,2026-09-18 15:51,91.00,KRDU 181551Z 02009KT 10SM FEW095 SCT120 SCT250 33/21 A3012 RMK AO2 SLP192 T03280211 $
RDU,2026-09-18 16:51,91.00,KRDU 181651Z 00000KT 10SM FEW046 FEW100 FEW250 33/21 A3010 RMK AO2 SLP185 T03280211 $
RDU,2026-09-18 17:51,94.00,KRDU 181751Z COR 02006KT 10SM SCT050 SCT100 SCT250 34/21 A3007 RMK AO2 SLP177 TCU DSNT S-SW T03440211 10344 20233 58020 $
RDU,2026-09-18 18:51,94.00,KRDU 181851Z VRB06KT 10SM SCT055TCU SCT095 SCT250 34/20 A3004 RMK AO2 SLP166 TCU ALQDS T03440200 $
RDU,2026-09-18 19:51,92.00,KRDU 181951Z VRB06KT 10SM SCT050TCU SCT100 SCT250 33/21 A3002 RMK AO2 SLP159 TCU ALQDS T03330206 $
RDU,2026-09-18 20:51,86.00,KRDU 182051Z 28007KT 10SM FEW050TCU SCT100 SCT250 30/21 A3001 RMK AO2 SLP157 TCU S-SW-W T03000206 56021 $
RDU,2026-09-18 21:51,85.00,KRDU 182151Z VRB05KT 10SM TS FEW050CB SCT110 BKN250 29/21 A3004 RMK AO2 TSB51 SLP166 FRQ LTGICCCCG N-NE TS N-NE MOV S TCU S-SW T02940211 $
RDU,2026-09-18 22:51,80.00,KRDU 182251Z 00000KT 10SM SCT045 SCT065 BKN120 27/21 A3005 RMK AO2 RAB19E45 TSE47 SLP171 CONS LTGICCCCG DSNT E-SE TS DSNT E-SE MOV S P0000 T02670206 $
RDU,2026-09-18 23:51,79.00,KRDU 182351Z 00000KT 10SM BKN045 BKN065 OVC120 26/21 A3006 RMK AO2 SLP176 60000 T02610211 10350 20261 51018 $
RDU,2026-09-19 00:51,78.00,KRDU 190051Z 03006KT 10SM FEW055 BKN065 OVC250 26/22 A3007 RMK AO2 SLP179 T02560217 $
RDU,2026-09-19 01:51,77.00,KRDU 190151Z 00000KT 10SM SCT055 OVC250 25/22 A3008 RMK AO2 SLP181 T02500222 $
RDU,2026-09-19 02:51,76.00,KRDU 190251Z 36005KT 10SM SCT055 OVC250 24/22 A3008 RMK AO2 SLP179 T02440222 50004 $
RDU,2026-09-19 03:51,76.00,KRDU 190351Z 36004KT 10SM FEW060 BKN250 24/22 A3007 RMK AO2 SLP176 T02440222 $
RDU,2026-09-19 04:51,75.00,KRDU 190451Z 01005KT 10SM FEW047 BKN250 24/22 A3006 RMK AO2 SLP174 T02390222 403500228 $
RDU,2026-09-19 05:51,74.00,KRDU 190551Z 36005KT 10SM SCT045 23/22 A3006 RMK AO2 SLP173 T02330222 10267 20233 56006 $
RDU,2026-09-19 06:51,74.00,KRDU 190651Z 36004KT 10SM SCT035 23/22 A3006 RMK AO2 SLP172 T02330222 $
RDU,2026-09-19 07:51,73.00,KRDU 190751Z 36003KT 10SM FEW070 SCT085 23/22 A3005 RMK AO2 SLP169 T02280217 $
RDU,2026-09-19 08:51,73.00,KRDU 190851Z 01005KT 10SM CLR 23/22 A3004 RMK AO2 SLP167 T02280217 58005 $
RDU,2026-09-19 09:51,71.00,KRDU 190951Z 04006KT 10SM FEW040 22/21 A3004 RMK AO2 SLP169 T02170211 $
RDU,2026-09-19 10:51,72.00,KRDU 191051Z 02005KT 10SM FEW040 SCT250 22/21 A3005 RMK AO2 SLP172 T02220211 $
RDU,2026-09-19 11:51,73.00,KRDU 191151Z 04006KT 8SM SCT006 SCT038 SCT250 23/22 A3007 RMK AO2 SLP177 T02280217 10233 20217 53008 $
RDU,2026-09-19 12:51,75.00,KRDU 191251Z 06007KT 8SM SCT008 SCT018 24/22 A3007 RMK AO2 SLP178 T02390217
RDU,2026-09-19 13:51,80.00,KRDU 191351Z 08007KT 8SM FEW010 FEW018 SCT040 SCT250 27/21 A3009 RMK AO2 SLP182 T02670206
RDU,2026-09-19 14:51,82.00,KRDU 191451Z 02008G16KT 340V050 10SM FEW016 SCT024 28/21 A3010 RMK AO2 SLP186 T02780206 53010
RDU,2026-09-19 15:51,84.00,KRDU 191551Z 08010KT 10SM SCT028 BKN039 29/20 A3009 RMK AO2 SLP185 T02890200
RDU,2026-09-19 16:51,85.00,KRDU 191651Z 06008G15KT 10SM FEW028 SCT035 BKN044 29/20 A3008 RMK AO2 SLP181 T02940200
RDU,2026-09-19 17:51,87.00,KRDU 191751Z 06009KT 10SM FEW035 SCT044 SCT080 31/19 A3007 RMK AO2 SLP177 T03060189 10311 20228 58009
RDU,2026-09-19 18:51,84.00,KRDU 191851Z 07007KT 10SM SCT042 BKN055 BKN070 29/19 A3004 RMK AO2 SLP168 T02890194
RDU,2026-09-19 19:51,88.00,KRDU 191951Z 06009KT 10SM SCT044 BKN080 31/19 A3003 RMK AO2 SLP165 T03110189
RDU,2026-09-19 20:51,88.00,KRDU 192051Z 04009KT 10SM SCT045 BKN080 31/19 A3001 RMK AO2 SLP157 T03110189 56020
RDU,2026-09-19 21:51,86.00,KRDU 192151Z 08009KT 10SM SCT047 BKN080 30/18 A3001 RMK AO2 SLP156 T03000183
RDU,2026-09-19 22:51,83.00,KRDU 192251Z 10004KT 10SM FEW045 SCT080 BKN250 28/19 A3002 RMK AO2 SLP162 T02830189
RDU,2026-09-19 23:51,80.00,KRDU 192351Z 09004KT 10SM SCT075 SCT250 27/19 A3004 RMK AO2 SLP166 T02670189 10317 20267 53008
RDU,2026-09-20 00:51,79.00,KRDU 200051Z 09005KT 10SM FEW080 SCT250 26/19 A3006 RMK AO2 SLP173 T02610189
RDU,2026-09-20 01:51,78.00,KRDU 200151Z 11007KT 10SM FEW045 FEW250 26/19 A3008 RMK AO2 SLP181 T02560194
RDU,2026-09-20 02:51,77.00,KRDU 200251Z 12008KT 10SM FEW045 SCT070 BKN250 25/19 A3009 RMK AO2 SLP184 T02500189 51019
RDU,2026-09-20 03:51,75.00,KRDU 200351Z 12008KT 10SM FEW050 24/18 A3008 RMK AO2 SLP181 T02390183
RDU,2026-09-20 04:51,74.00,KRDU 200451Z 13006KT 10SM FEW060 23/17 A3006 RMK AO2 SLP174 T02330172 403170217
RDU,2026-09-20 05:51,72.00,KRDU 200551Z 13004KT 10SM CLR 22/18 A3004 RMK AO2 SLP168 T02220178 10267 20222 58016
RDU,2026-09-20 06:51,71.00,KRDU 200651Z 12003KT 10SM CLR 22/18 A3003 RMK AO2 SLP166 T02170178
RDU,2026-09-20 07:51,69.00,KRDU 200751Z 00000KT 10SM CLR 21/18 A3003 RMK AO2 SLP163 T02060178
RDU,2026-09-20 08:51,68.00,KRDU 200851Z 14004KT 10SM CLR 20/18 A3002 RMK AO2 SLP160 T02000178 58009
RDU,2026-09-20 09:51,67.00,KRDU 200951Z 00000KT 10SM CLR 19/18 A3002 RMK AO2 SLP162 T01940178
RDU,2026-09-20 10:51,67.00,KRDU 201051Z 10003KT 10SM FEW060 FEW250 19/17 A3003 RMK AO2 SLP164 T01940172
RDU,2026-09-20 11:51,68.00,KRDU 201151Z 00000KT 10SM BKN060 BKN250 20/18 A3005 RMK AO2 SLP171 T02000183 10222 20189 53010
RDU,2026-09-20 12:51,73.00,KRDU 201251Z 00000KT 10SM FEW060 FEW250 23/18 A3005 RMK AO2 SLP172 T02280183
RDU,2026-09-20 13:51,77.00,KRDU 201351Z 00000KT 10SM FEW060 FEW250 25/18 A3004 RMK AO2 SLP168 T02500178
RDU,2026-09-20 14:51,80.00,KRDU 201451Z 00000KT 10SM FEW060 FEW250 27/18 A3006 RMK AO2 SLP172 T02670178 53002
RDU,2026-09-20 15:51,84.00,KRDU 201551Z 00000KT 10SM FEW060 FEW250 29/16 A3004 RMK AO2 SLP168 T02890161
RDU,2026-09-20 16:51,85.00,KRDU 201651Z 00000KT 10SM FEW044 FEW200 SCT250 29/18 A3002 RMK AO2 SLP160 T02940178
RDU,2026-09-20 17:51,91.00,KRDU 201751Z 00000KT 10SM FEW044 FEW200 SCT250 33/17 A3000 RMK AO2 SLP152 T03280172 10328 20200 58019
RDU,2026-09-20 18:51,90.00,KRDU 201851Z VRB04KT 10SM SCT055 BKN075 BKN250 32/17 A2997 RMK AO2 SLP142 T03220172
RDU,2026-09-20 19:51,91.00,KRDU 201951Z VRB04KT 10SM BKN055 BKN250 33/17 A2995 RMK AO2 SLP135 T03280172
RDU,2026-09-20 20:51,91.00,KRDU 202051Z VRB06KT 10SM BKN060 BKN250 33/18 A2993 RMK AO2 SLP129 T03280178 56023
RDU,2026-09-20 21:51,89.00,KRDU 202151Z 14006KT 10SM SCT060 SCT250 32/18 A2992 RMK AO2 SLP128 T03170178
RDU,2026-09-20 22:51,86.00,KRDU 202251Z 16005KT 10SM SCT060 BKN250 30/18 A2994 RMK AO2 SLP134 T03000183
RDU,2026-09-20 23:51,82.00,KRDU 202351Z 14005KT 10SM SCT065 BKN180 28/19 A2994 RMK AO2 SLP134 T02780189 10333 20278 53004
RDU,2026-09-21 00:51,81.00,KRDU 210051Z 16003KT 10SM FEW070 BKN200 27/19 A2995 RMK AO2 SLP138 T02720189
RDU,2026-09-21 01:51,79.00,KRDU 210151Z 15004KT 10SM FEW060 SCT250 26/19 A2996 RMK AO2 SLP140 T02610189
RDU,2026-09-21 02:51,78.00,KRDU 210251Z 00000KT 10SM FEW055 FEW250 26/19 A2996 RMK AO2 SLP139 T02560194 51006
RDU,2026-09-21 03:51,77.00,KRDU 210351Z 16004KT 10SM FEW055 FEW250 25/19 A2995 RMK AO2 SLP137 T02500189
RDU,2026-09-21 04:51,76.00,KRDU 210451Z 00000KT 10SM FEW055 FEW250 24/19 A2996 RMK AO2 SLP138 T02440194 403330189
RDU,2026-09-21 05:51,76.00,KRDU 210551Z 22004KT 10SM FEW060 SCT200 24/19 A2996 RMK AO2 SLP139 T02440189 10278 20239 55001
RDU,2026-09-21 06:51,75.00,KRDU 210651Z 22006KT 10SM FEW060 SCT200 24/19 A2995 RMK AO2 SLP136 T02390194
RDU,2026-09-21 07:51,74.00,KRDU 210751Z 21004KT 10SM FEW060 SCT200 23/19 A2996 RMK AO2 SLP139 T02330194
RDU,2026-09-21 08:51,74.00,KRDU 210851Z 22004KT 10SM FEW060 BKN200 23/19 A2996 RMK AO2 SLP139 T02330194 56000
RDU,2026-09-21 09:51,72.00,KRDU 210951Z 21003KT 10SM SCT200 22/19 A2997 RMK AO2 SLP142 T02220194
RDU,2026-09-21 10:51,73.00,KRDU 211051Z 22004KT 10SM FEW200 23/19 A2997 RMK AO2 SLP143 T02280194
RDU,2026-09-21 11:51,74.00,KRDU 211151Z 20004KT 10SM FEW250 23/20 A2999 RMK AO2 SLP149 T02330200 10244 20222 53009
RDU,2026-09-21 12:51,77.00,KRDU 211251Z 23005KT 10SM FEW250 25/21 A2999 RMK AO2 SLP151 T02500206
RDU,2026-09-21 13:51,81.00,KRDU 211351Z 22006KT 10SM FEW250 27/21 A3000 RMK AO2 SLP154 T02720211
RDU,2026-09-21 14:51,85.00,KRDU 211451Z 22004KT 10SM FEW250 29/21 A3001 RMK AO2 SLP157 T02940206 52008
RDU,2026-09-21 15:51,88.00,KRDU 211551Z 00000KT 10SM FEW042 FEW250 31/20 A3001 RMK AO2 SLP156 T03110200
RDU,2026-09-21 16:51,90.00,KRDU 211651Z VRB03KT 10SM SCT048 SCT250 32/20 A2999 RMK AO2 SLP151 T03220200
RDU,2026-09-21 17:51,93.00,KRDU 211751Z VRB05KT 10SM SCT050TCU SCT250 34/19 A2997 RMK AO2 SLP144 TCU W-N T03390194 10339 20233 58013
RDU,2026-09-21 18:51,94.00,KRDU 211851Z 19005G16KT 10SM SCT055TCU SCT250 34/19 A2994 RMK AO2 SLP131 TCU NW-N T03440189
RDU,2026-09-21 19:51,94.00,KRDU 211951Z COR VRB06KT 10SM SCT055TCU SCT250 34/18 A2992 RMK AO2 SLP127 CB DSNT NE TCU W-N T03440178
RDU,2026-09-21 20:51,92.00,KRDU 212051Z 14005KT 10SM FEW055CB SCT250 33/18 A2993 RMK AO2 SLP129 CB N MOV SLWLY E AND DSNT NE AND W T03330178 55015
RDU,2026-09-21 21:51,88.00,KRDU 212151Z VRB05KT 10SM TS SCT055CB SCT250 31/19 A2993 RMK AO2 TSB45 SLP130 FRQ LTGCGIC SW TS SW MOV SLWLY E T03110194
RDU,2026-09-21 22:51,78.00,KRDU 212251Z 22006KT 10SM -RA SCT055 BKN250 26/20 A2994 RMK AO2 RAB41 TSE50 SLP134 CB DSNT W-NW P0000 T02560200
RDU,2026-09-21 23:51,75.00,KRDU 212351Z 31008G22KT 10SM TS SCT039CB BKN060 BKN085 BKN250 24/19 A2999 RMK AO2 PK WND 33032/2329 RAE50 TSB50 SLP150 FRQ LTGICCA NW TS NW MOV SLWLY SE TCU ALQDS P0000 60000 T02390194 10344 20239 53020
RDU,2026-09-22 00:51,72.00,KRDU 220051Z 35007G16KT 2SM TSRA BR FEW007 BKN050CB BKN085 OVC250 22/20 A3001 RMK AO2 RAB28 TSE28B38 SLP157 OCNL LTGICCG OHD-NE TS OHD-NE MOV STNRY P0052 T02220200
RDU,2026-09-22 01:51,71.00,KRDU 220151Z 13006KT 10SM -RA FEW045 BKN110 OVC250 22/21 A3000 RMK AO2 TSE03B15E32 SLP155 OCNL LTGIC DSNT E CB DSNT E P0024 T02170211
RDU,2026-09-22 02:51,73.00,KRDU 220251Z 11012KT 10SM -RA BKN110 OVC250 23/21 A3003 RMK AO2 SLP162 P0004 60080 T02280211 53013
RDU,2026-09-22 03:51,72.00,KRDU 220351Z 00000KT 10SM SCT160 BKN220 BKN250 22/21 A3003 RMK AO2 RAE10 SLP164 P0000 T02220211
RDU,2026-09-22 04:51,71.00,KRDU 220451Z 00000KT 10SM FEW005 FEW050 FEW210 22/21 A3003 RMK AO2 SLP164 T02170211 403440217
RDU,2026-09-22 05:51,70.00,KRDU 220551Z 03004KT 1/2SM FG BKN001 21/21 A3001 RMK AO2 SLP155 60080 T02110211 10244 20211 58007
RDU,2026-09-22 06:51,70.00,KRDU 220651Z 06004KT 1SM BR OVC002 21/21 A3000 RMK AO2 SLP154 T02110206
RDU,2026-09-22 07:51,69.00,KRDU 220751Z 00000KT 9SM FEW003 21/21 A3001 RMK AO2 SLP157 T02060206
RDU,2026-09-22 08:51,69.00,KRDU 220851Z 36005KT 1 1/2SM BR BKN002 BKN250 21/20 A3003 RMK AO2 SLP163 T02060200 53008
RDU,2026-09-22 09:51,69.00,KRDU 220951Z 02006KT 5SM BR SCT003 BKN036 BKN250 21/20 A3004 RMK AO2 SLP166 SCT V BKN T02060200
RDU,2026-09-22 10:51,69.00,KRDU 221051Z 01005KT 7SM BKN003 BKN039 BKN250 21/20 A3004 RMK AO2 SLP168 T02060200
RDU,2026-09-22 11:51,70.00,KRDU 221151Z 06004KT 2SM BR BKN003 OVC006 21/21 A3005 RMK AO2 SLP171 70080 T02110206 10211 20206 51007
RDU,2026-09-22 12:51,71.00,KRDU 221251Z 04005KT 1/8SM BR OVC002 22/21 A3006 RMK AO2 SFC VIS 3/4 SLP177 T02170211
RDU,2026-09-22 13:51,73.00,KRDU 221351Z 07004KT 1SM BR OVC004 23/22 A3007 RMK AO2 SFC VIS 3 SLP179 T02280217
RDU,2026-09-22 14:51,73.00,KRDU 221451Z 04005KT 5SM BR BKN006 OVC012 23/22 A3008 RMK AO2 SLP182 T02280217 51011
RDU,2026-09-22 15:51,78.00,KRDU 221551Z 09006KT 10SM BKN012 BKN030 BKN200 26/22 A3009 RMK AO2 SLP183 T02560217
RDU,2026-09-22 16:51,78.00,KRDU 221651Z 03006KT 10SM BKN014 BKN025 BKN200 26/22 A3008 RMK AO2 SLP181 T02560217
RDU,2026-09-22 17:51,80.00,KRDU 221751Z 06008KT 10SM SCT019 BKN028 BKN250 27/21 A3007 RMK AO2 SLP177 T02670211 10267 20211 58005
RDU,2026-09-22 18:51,83.00,KRDU 221851Z 03006KT 10SM FEW024 SCT032 SCT042 BKN250 28/22 A3004 RMK AO2 SLP166 T02830217
RDU,2026-09-22 19:51,82.00,KRDU 221951Z 01009KT 320V040 10SM FEW028TCU SCT032 SCT042 BKN250 28/22 A3002 RMK AO2 SLP160 TCU SW-NW-NE T02780217
RDU,2026-09-22 20:51,81.00,KRDU 222051Z 02009G20KT 10SM SCT028CB SCT042 BKN250 27/21 A3001 RMK AO2 SLP159 CB SE MOV SW TCU OHD-S-SW T02720211 56019
RDU,2026-09-22 21:51,74.00,KRDU 222151Z 01016G25KT 10SM BKN013 BKN028TCU OVC250 23/20 A3004 RMK AO2 PK WND 01027/2130 SLP169 TCU SE-SW T02330200
RDU,2026-09-22 22:51,70.00,KRDU 222251Z 02013G24KT 10SM OVC012 21/19 A3007 RMK AO2 SLP179 T02110189
RDU,2026-09-22 23:51,69.00,KRDU 222351Z 03012KT 10SM OVC010 21/18 A3010 RMK AO2 SLP190 T02060183 10289 20206 53030
RDU,2026-09-23 00:51,68.00,KRDU 230051Z 03015G20KT 10SM OVC010 20/17 A3012 RMK AO2 SLP197 T02000172
RDU,2026-09-23 01:51,67.00,KRDU 230151Z 02009G16KT 10SM OVC010 19/17 A3015 RMK AO2 SLP205 T01940172
RDU,2026-09-23 02:51,66.00,KRDU 230251Z 01012KT 10SM -DZ OVC011 19/17 A3015 RMK AO2 DZB51 SLP207 P0000 60000 T01890167 51017
RDU,2026-09-23 03:51,65.00,KRDU 230351Z 02011G19KT 10SM -DZ BKN009 OVC014 18/17 A3015 RMK AO2 SLP205 P0000 T01830167
RDU,2026-09-23 04:51,65.00,KRDU 230451Z 02008G17KT 10SM -DZ OVC009 18/17 A3015 RMK AO2 SLP207 P0000 T01830167 402890178
RDU,2026-09-23 05:51,64.00,KRDU 230551Z 02011G20KT 10SM -DZ FEW008 OVC012 18/16 A3014 RMK AO2 SLP204 P0000 60000 T01780161 10206 20178 58003
RDU,2026-09-23 06:51,63.00,KRDU 230651Z 01008G18KT 10SM -RA BKN009 OVC019 17/16 A3014 RMK AO2 DZE15RAB15 SLP202 P0000 T01720161
RDU,2026-09-23 07:51,62.00,KRDU 230751Z 01010KT 5SM -RA BR BKN007 OVC017 17/16 A3014 RMK AO2 SLP203 P0000 T01670156
RDU,2026-09-23 08:51,61.00,KRDU 230851Z 36009KT 5SM -RA BR BKN007 OVC011 16/16 A3015 RMK AO2 SLP205 P0000 60000 T01610156 53001
RDU,2026-09-23 09:51,61.00,KRDU 230951Z 01011G18KT 1 1/2SM -RA BR BKN006 OVC011 16/15 A3017 RMK AO2 SLP212 P0000 T01610150
RDU,2026-09-23 10:51,61.00,KRDU 231051Z 02010KT 2SM -RA BR BKN006 OVC013 16/15 A3018 RMK AO2 SLP219 P0000 T01610150
RDU,2026-09-23 11:51,60.00,KRDU 231151Z 02010G19KT 3SM -RA BR BKN006 OVC015 16/15 A3020 RMK AO2 SLP225 P0004 60004 70004 T01560150 10178 20156 51018
RDU,2026-09-23 12:51,60.00,KRDU 231251Z 02009G18KT 6SM -RA BR BKN007 OVC017 16/15 A3022 RMK AO2 SLP230 P0002 T01560150
RDU,2026-09-23 13:51,61.00,KRDU 231351Z 01009KT 8SM -RA BKN007 OVC015 16/15 A3023 RMK AO2 SLP233 P0001 T01610150
RDU,2026-09-23 14:51,61.00,KRDU 231451Z 01010G20KT 10SM -RA BKN007 OVC013 16/15 A3025 RMK AO2 SLP240 P0001 60004 T01610150 53015
RDU,2026-09-23 15:51,62.00,KRDU 231551Z 36011KT 10SM -RA BKN007 OVC012 17/15 A3024 RMK AO2 SLP239 P0000 T01670150
RDU,2026-09-23 16:51,62.00,KRDU 231651Z 03013G19KT 10SM -RA BKN007 OVC013 17/16 A3023 RMK AO2 SLP235 P0000 T01670156
RDU,2026-09-23 17:51,63.00,KRDU 231751Z 02010KT 10SM -RA BKN008 BKN014 OVC055 17/16 A3022 RMK AO2 SLP230 P0000 60004 T01720156 10172 20156 58010
RDU,2026-09-23 18:51,63.00,KRDU 231851Z 02011KT 10SM BKN008 OVC013 17/16 A3021 RMK AO2 RAE42 SLP227 P0000 T01720156
RDU,2026-09-23 19:51,62.00,KRDU 231951Z 02013G23KT 10SM BKN008 OVC013 17/16 A3021 RMK AO2 RAB11E49 SLP227 P0002 T01670156
RDU,2026-09-23 20:51,62.00,KRDU 232051Z 02010KT 5SM -RA BR BKN007 OVC013 17/16 A3021 RMK AO2 RAB25 SLP228 P0000 60002 T01670156 55002
RDU,2026-09-23 21:51,61.00,KRDU 232151Z 02008G18KT 3SM -RA BR OVC006 16/16 A3021 RMK AO2 SLP229 P0000 T01610156
RDU,2026-09-23 22:51,61.00,KRDU 232251Z 01011KT 3SM -DZ BR BKN005 OVC010 16/15 A3022 RMK AO2 RAE12DZB12 SLP231 P0000 T01610150
RDU,2026-09-23 23:51,61.00,KRDU 232351Z 02010G17KT 4SM -DZ BR BKN005 OVC010 16/15 A3022 RMK AO2 SLP233 P0000 60002 T01610150 10172 20161 53004
RDU,2026-09-24 00:51,61.00,KRDU 240051Z 02012KT 5SM -DZ BR OVC006 16/15 A3023 RMK AO2 DZE26B48 SLP235 P0000 T01610150
RDU,2026-09-24 01:51,61.00,KRDU 240151Z 02010KT 10SM OVC006 16/16 A3025 RMK AO2 DZE49 SLP241 P0000 T01610156
RDU,2026-09-24 02:51,62.00,KRDU 240251Z 04012KT 10SM -RA OVC010 17/15 A3025 RMK AO2 RAB16 SLP240 CIG 008V013 P0000 60000 T01670150 51008
RDU,2026-09-24 03:51,62.00,KRDU 240351Z 03011G20KT 10SM FEW009 OVC012 17/15 A3024 RMK AO2 RAE51 SLP239 P0000 T01670150
RDU,2026-09-24 04:51,61.00,KRDU 240451Z 04014G23KT 10SM OVC012 16/14 A3023 RMK AO2 SLP234 T01610144 401780156
RDU,2026-09-24 05:51,61.00,KRDU 240551Z 02011KT 10SM OVC012 16/14 A3022 RMK AO2 SLP231 60000 T01610139 10167 20161 58009
RDU,2026-09-24 06:51,61.00,KRDU 240651Z 03009G19KT 10SM OVC013 16/14 A3021 RMK AO2 PK WND 04027/0612 SLP228 T01610139
RDU,2026-09-24 07:51,60.00,KRDU 240751Z 02012G21KT 10SM OVC013 16/13 A3020 RMK AO2 SLP225 T01560133
RDU,2026-09-24 08:51,60.00,KRDU 240851Z 02014G21KT 10SM BKN014 OVC020 16/13 A3019 RMK AO2 SLP221 T01560133 57010
RDU,2026-09-24 09:51,59.00,KRDU 240951Z 01014G19KT 10SM BKN014 OVC020 15/13 A3020 RMK AO2 SLP224 T01500128 $
RDU,2026-09-24 10:51,59.00,KRDU 241051Z 01010KT 10SM BKN014 OVC020 15/12 A3020 RMK AO2 SLP226 T01500122 $
RDU,2026-09-24 11:51,59.00,KRDU 241151Z 03013KT 10SM BKN014 OVC018 15/12 A3022 RMK AO2 SLP231 70006 T01500122 10161 20150 53009 $
RDU,2026-09-24 12:51,59.00,KRDU 241251Z 36010KT 10SM BKN014 OVC019 15/12 A3023 RMK AO2 SLP234 T01500122 $
RDU,2026-09-24 13:51,59.00,KRDU 241351Z 01010G15KT 10SM BKN014 OVC018 15/12 A3024 RMK AO2 SLP237 T01500122 $
RDU,2026-09-24 14:51,59.00,KRDU 241451Z 01011G19KT 10SM BKN013 OVC017 15/12 A3024 RMK AO2 SLP239 T01500122 51007
RDU,2026-09-24 15:51,60.00,KRDU 241551Z 36011G20KT 10SM BKN014 OVC017 16/12 A3024 RMK AO2 SLP238 T01560122
RDU,2026-09-24 16:51,61.00,KRDU 241651Z 36009G17KT 10SM OVC015 16/12 A3022 RMK AO2 SLP233 T01610122
RDU,2026-09-24 17:51,62.00,KRDU 241751Z 02012G18KT 10SM BKN016 OVC020 17/13 A3021 RMK AO2 SLP227 T01670128 10167 20150 58011
RDU,2026-09-24 18:51,63.00,KRDU 241851Z 02013G21KT 10SM BKN019 OVC024 17/13 A3018 RMK AO2 SLP218 T01720128
RDU,2026-09-24 19:51,64.00,KRDU 241951Z 02015G23KT 10SM BKN022 OVC050 18/13 A3017 RMK AO2 PK WND 05026/1930 SLP214 T01780128
RDU,2026-09-24 20:51,64.00,KRDU 242051Z 02010G19KT 10SM BKN026 OVC050 18/13 A3017 RMK AO2 PK WND 04026/2025 SLP215 T01780128 55011
RDU,2026-09-24 21:51,62.00,KRDU 242151Z 01008G19KT 10SM SCT026 BKN050 BKN120 OVC250 17/12 A3017 RMK AO2 SLP215 T01670117
RDU,2026-09-24 22:51,62.00,KRDU 242251Z 01009KT 10SM FEW026 FEW050 BKN120 BKN250 17/12 A3018 RMK AO2 SLP217 T01670117
RDU,2026-09-24 23:51,61.00,KRDU 242351Z 01009KT 10SM BKN035 BKN120 OVC250 16/12 A3018 RMK AO2 SLP217 T01610122 10178 20161 53001
RDU,2026-09-25 00:51,61.00,KRDU 250051Z 02011G22KT 10SM BKN027 OVC035 16/12 A3019 RMK AO2 SLP220 T01610117
RDU,2026-09-25 01:51,60.00,KRDU 250151Z 02012KT 10SM BKN023 OVC033 16/12 A3019 RMK AO2 SLP220 T01560117
RDU,2026-09-25 02:51,60.00,KRDU 250251Z 01011G17KT 10SM BKN021 OVC027 16/12 A3018 RMK AO2 SLP219 T01560117 50001
RDU,2026-09-25 03:51,60.00,KRDU 250351Z 01009KT 10SM FEW017 OVC037 16/11 A3018 RMK AO2 SLP219 T01560111
RDU,2026-09-25 04:51,59.00,KRDU 250451Z 01008KT 10SM OVC038 15/11 A3017 RMK AO2 SLP216 T01500106 401780150
RDU,2026-09-25 05:51,58.00,KRDU 250551Z 36008KT 10SM FEW038 BKN160 BKN250 14/11 A3015 RMK AO2 SLP206 T01440106 10161 20144 58012
RDU,2026-09-25 06:51,57.00,KRDU 250651Z 01009G17KT 10SM SCT180 SCT250 14/09 A3012 RMK AO2 SLP197 T01390094
RDU,2026-09-25 07:51,55.00,KRDU 250751Z 02007KT 10SM FEW180 BKN250 13/09 A3012 RMK AO2 SLP198 T01280089
RDU,2026-09-25 08:51,54.00,KRDU 250851Z 35005KT 10SM FEW180 SCT250 12/09 A3011 RMK AO2 SLP193 T01220089 56013
RDU,2026-09-25 09:51,52.00,KRDU 250951Z 35005KT 10SM SCT250 11/09 A3011 RMK AO2 SLP194 T01110089
RDU,2026-09-25 10:51,51.00,KRDU 251051Z VRB03KT 10SM FEW180 SCT250 11/09 A3009 RMK AO2 SLP188 T01060089
RDU,2026-09-25 11:51,52.00,KRDU 251151Z 35005KT 10SM FEW180 SCT250 11/08 A3010 RMK AO2 SLP190 T01110083 10144 20106 55003
RDU,2026-09-25 12:51,56.00,KRDU 251251Z 01008G20KT 10SM FEW180 FEW250 13/07 A3010 RMK AO2 SLP192 T01330072
RDU,2026-09-25 13:51,59.00,KRDU 251351Z 02013G21KT 10SM FEW180 FEW250 15/06 A3011 RMK AO2 SLP194 T01500061
RDU,2026-09-25 14:51,61.00,KRDU 251451Z 35009G20KT 10SM FEW180 FEW250 16/05 A3010 RMK AO2 PK WND 02026/1413 SLP192 T01610050 50001
RDU,2026-09-25 15:51,65.00,KRDU 251551Z 01010G19KT 10SM FEW055 FEW180 SCT250 18/04 A3009 RMK AO2 SLP186 T01830044
RDU,2026-09-25 16:51,67.00,KRDU 251651Z 36009G21KT 10SM FEW055 FEW180 SCT250 19/06 A3008 RMK AO2 PK WND 03026/1606 SLP183 T01940056
RDU,2026-09-25 17:51,70.00,KRDU 251751Z 35010G18KT 10SM FEW055 FEW180 SCT250 21/08 A3005 RMK AO2 SLP175 T02110078 10211 20111 58016
RDU,2026-09-25 18:51,71.00,KRDU 251851Z 33007G14KT 10SM FEW050 FEW250 22/09 A3002 RMK AO2 SLP163 T02170089
RDU,2026-09-25 19:51,72.00,KRDU 251951Z 34009G17KT 10SM FEW050 FEW250 22/08 A3000 RMK AO2 SLP157 T02220078
RDU,2026-09-25 20:51,73.00,KRDU 252051Z 35008G16KT 10SM FEW050 FEW250 23/07 A2999 RMK AO2 SLP154 T02280072 56021
RDU,2026-09-25 21:51,72.00,KRDU 252151Z 35008KT 10SM FEW050 FEW250 22/06 A2999 RMK AO2 SLP152 T02220061
RDU,2026-09-25 22:51,70.00,KRDU 252251Z 35004KT 10SM FEW050 FEW250 21/08 A2999 RMK AO2 SLP153 T02110083
RDU,2026-09-25 23:51,65.00,KRDU 252351Z 02003KT 10SM FEW250 18/09 A2999 RMK AO2 SLP153 T01830089 10228 20183 55001
RDU,2026-09-26 00:51,62.00,KRDU 260051Z 01005KT 10SM FEW250 17/09 A3001 RMK AO2 SLP160 T01670089
RDU,2026-09-26 01:51,58.00,KRDU 260151Z 00000KT 10SM FEW250 14/09 A3003 RMK AO2 SLP167 T01440094
RDU,2026-09-26 02:51,56.00,KRDU 260251Z 00000KT 10SM FEW250 13/09 A3003 RMK AO2 SLP166 T01330089 50013
RDU,2026-09-26 03:51,54.00,KRDU 260351Z 00000KT 10SM CLR 12/08 A3003 RMK AO2 SLP166 T01220078
RDU,2026-09-26 04:51,53.00,KRDU 260451Z 00000KT 10SM CLR 12/08 A3001 RMK AO2 SLP161 T01170083 402280100
RDU,2026-09-26 05:51,51.00,KRDU 260551Z 00000KT 10SM CLR 11/08 A2999 RMK AO2 SLP153 T01060083 10183 20094 58013
RDU,2026-09-26 06:51,50.00,KRDU 260651Z 00000KT 10SM CLR 10/07 A2998 RMK AO2 SLP149 T01000072
RDU,2026-09-26 07:51,49.00,KRDU 260751Z 00000KT 10SM CLR 09/06 A2996 RMK AO2 SLP142 T00940061
RDU,2026-09-26 08:51,52.00,KRDU 260851Z 01003KT 10SM CLR 11/03 A2995 RMK AO2 SLP139 T01110033 56013
RDU,2026-09-26 09:51,49.00,KRDU 260951Z 00000KT 10SM CLR 09/05 A2995 RMK AO2 SLP141 T00940050
RDU,2026-09-26 10:51,51.00,KRDU 261051Z VRB03KT 10SM FEW250 11/05 A2996 RMK AO2 SLP142 T01060050
RDU,2026-09-26 11:51,56.00,KRDU 261151Z 00000KT 10SM FEW250 13/06 A2996 RMK AO2 SLP144 T01330056 10133 20089 53003
RDU,2026-09-26 12:51,60.00,KRDU 261251Z 31005KT 10SM CLR 16/06 A2996 RMK AO2 SLP145 T01560061
RDU,2026-09-26 13:51,66.00,KRDU 261351Z 31007KT 260V330 10SM CLR 19/07 A2996 RMK AO2 SLP143 T01890067
RDU,2026-09-26 14:51,70.00,KRDU 261451Z 31008G17KT 10SM CLR 21/07 A2995 RMK AO2 SLP140 T02110072 58002
RDU,2026-09-26 15:51,73.00,KRDU 261551Z 34010G20KT 10SM CLR 23/07 A2994 RMK AO2 SLP136 T02280067
RDU,2026-09-26 16:51,74.00,KRDU 261651Z 31009G19KT 10SM CLR 23/06 A2992 RMK AO2 SLP130 T02330056
RDU,2026-09-26 17:51,77.00,KRDU 261751Z 35013G21KT 10SM CLR 25/05 A2990 RMK AO2 SLP121 T02500050 10250 20133 58019
RDU,2026-09-26 18:51,78.00,KRDU 261851Z 32009G20KT 290V360 10SM CLR 26/04 A2987 RMK AO2 SLP111 T02560044
RDU,2026-09-26 19:51,80.00,KRDU 261951Z 31010G18KT 10SM CLR 27/05 A2985 RMK AO2 SLP105 T02670050
RDU,2026-09-26 20:51,80.00,KRDU 262051Z 30007G18KT 10SM CLR 27/04 A2984 RMK AO2 SLP102 T02670044 56019
RDU,2026-09-26 21:51,79.00,KRDU 262151Z 34005KT 10SM FEW250 26/05 A2984 RMK AO2 SLP103 T02610050
RDU,2026-09-26 22:51,76.00,KRDU 262251Z 28003KT 10SM CLR 24/05 A2985 RMK AO2 SLP106 T02440050
RDU,2026-09-26 23:51,71.00,KRDU 262351Z 00000KT 10SM FEW250 22/06 A2986 RMK AO2 SLP109 T02170061 10272 20217 53007
RDU,2026-09-27 00:51,68.00,KRDU 270051Z 00000KT 10SM FEW250 20/08 A2988 RMK AO2 SLP114 T02000078
RDU,2026-09-27 01:51,61.00,KRDU 270151Z 35003KT 10SM CLR 16/09 A2988 RMK AO2 SLP115 T01610089
RDU,2026-09-27 02:51,61.00,KRDU 270251Z 00000KT 10SM CLR 16/09 A2991 RMK AO2 SLP124 T01610094 53015
RDU,2026-09-27 03:51,58.00,KRDU 270351Z 00000KT 10SM CLR 14/09 A2992 RMK AO2 SLP130 T01440094
RDU,2026-09-27 04:51,58.00,KRDU 270451Z 00000KT 10SM CLR 14/10 A2991 RMK AO2 SLP126 T01440100 402720089
RDU,2026-09-27 05:51,57.00,KRDU 270551Z 00000KT 10SM FEW070 14/11 A2990 RMK AO2 SLP123 T01390106 10217 20133 58001
RDU,2026-09-27 06:51,55.00,KRDU 270651Z 00000KT 10SM SCT100 13/11 A2989 RMK AO2 SLP119 T01280106
RDU,2026-09-27 07:51,57.00,KRDU 270751Z 00000KT 10SM SCT090 BKN120 14/11 A2987 RMK AO2 SLP112 T01390106
RDU,2026-09-27 08:51,57.00,KRDU 270851Z 22003KT 10SM BKN120 14/11 A2986 RMK AO2 SLP108 T01390111 56014
RDU,2026-09-27 09:51,56.00,KRDU 270951Z 00000KT 10SM SCT120 13/11 A2985 RMK AO2 SLP105 T01330106
RDU,2026-09-27 10:51,56.00,KRDU 271051Z 23004KT 9SM SCT120 13/11 A2985 RMK AO2 SLP105 T01330106
RDU,2026-09-27 11:51,57.00,KRDU 271151Z 23004KT 10SM FEW120 14/11 A2985 RMK AO2 SLP106 T01390111 10144 20128 55003
RDU,2026-09-27 12:51,62.00,KRDU 271251Z 28005KT 10SM FEW120 17/11 A2985 RMK AO2 SLP105 T01670106
RDU,2026-09-27 13:51,68.00,KRDU 271351Z 28007KT 250V310 10SM FEW120 20/11 A2984 RMK AO2 SLP103 T02000106
RDU,2026-09-27 14:51,71.00,KRDU 271451Z 27010KT 10SM FEW080 FEW120 SCT200 22/11 A2983 RMK AO2 SLP100 T02170106 58006
RDU,2026-09-27 15:51,73.00,KRDU 271551Z 26008G17KT 10SM SCT120 SCT200 23/10 A2981 RMK AO2 SLP092 T02280100
RDU,2026-09-27 16:51,77.00,KRDU 271651Z 32008G17KT 10SM FEW120 FEW200 25/10 A2981 RMK AO2 SLP091 T02500100
RDU,2026-09-27 17:51,78.00,KRDU 271751Z 29006G20KT 10SM FEW100 SCT200 26/10 A2979 RMK AO2 SLP085 T02560100 10256 20139 56014
RDU,2026-09-27 18:51,79.00,KRDU 271851Z 29013G20KT 10SM FEW100 SCT200 26/10 A2977 RMK AO2 SLP077 T02610100
RDU,2026-09-27 19:51,77.00,KRDU 271951Z 30009G21KT 270V330 10SM SCT250 25/10 A2977 RMK AO2 SLP077 T02500100
RDU,2026-09-27 20:51,79.00,KRDU 272051Z 26006KT 10SM SCT250 26/10 A2976 RMK AO2 SLP074 T02610100 56011
RDU,2026-09-27 21:51,77.00,KRDU 272151Z 32008G17KT 10SM SCT250 25/09 A2978 RMK AO2 SLP082 T02500094
RDU,2026-09-27 22:51,74.00,KRDU 272251Z 30006KT 10SM SCT250 23/10 A2980 RMK AO2 SLP089 T02330100
RDU,2026-09-27 23:51,71.00,KRDU 272351Z 26003KT 10SM SCT250 22/11 A2982 RMK AO2 SLP096 T02170106 10267 20217 51021
RDU,2026-09-28 00:51,70.00,KRDU 280051Z VRB03KT 10SM BKN075 21/11 A2984 RMK AO2 SLP102 T02110106
RDU,2026-09-28 01:51,70.00,KRDU 280151Z 31005KT 10SM OVC075 21/10 A2986 RMK AO2 SLP107 T02110100
RDU,2026-09-28 02:51,69.00,KRDU 280251Z 34005KT 10SM OVC075 21/09 A2987 RMK AO2 SLP110 T02060094 51016
RDU,2026-09-28 03:51,67.00,KRDU 280351Z 35003KT 10SM BKN073 19/09 A2988 RMK AO2 SLP114 T01940094
RDU,2026-09-28 04:51,64.00,KRDU 280451Z 35003KT 10SM FEW073 18/10 A2988 RMK AO2 SLP115 T01780100 402670128
RDU,2026-09-28 05:51,61.00,KRDU 280551Z 00000KT 10SM CLR 16/11 A2988 RMK AO2 SLP115 T01610111 10217 20161 51005
RDU,2026-09-28 06:51,58.00,KRDU 280651Z 00000KT 10SM CLR 14/11 A2989 RMK AO2 SLP117 T01440111
RDU,2026-09-28 07:51,58.00,KRDU 280751Z 00000KT 10SM CLR 14/11 A2989 RMK AO2 SLP118 T01440111
RDU,2026-09-28 08:51,57.00,KRDU 280851Z 00000KT 9SM CLR 14/11 A2989 RMK AO2 SLP119 T01390106 51004
RDU,2026-09-28 09:51,56.00,KRDU 280951Z 00000KT 9SM FEW250 13/11 A2990 RMK AO2 SLP124 T01330106
RDU,2026-09-28 10:51,56.00,KRDU 281051Z 00000KT 10SM FEW100 13/11 A2992 RMK AO2 SLP129 T01330111
RDU,2026-09-28 11:51,58.00,KRDU 281151Z 00000KT 10SM FEW100 14/12 A2993 RMK AO2 SLP133 T01440117 10161 20122 53013
RDU,2026-09-28 12:51,63.00,KRDU 281251Z 21004KT 10SM FEW100 SCT250 17/12 A2995 RMK AO2 SLP138 T01720122
RDU,2026-09-28 13:51,69.00,KRDU 281351Z 21005KT 10SM FEW120 SCT250 21/11 A2996 RMK AO2 SLP141 T02060111
RDU,2026-09-28 14:51,73.00,KRDU 281451Z 22004KT 10SM FEW120 FEW250 23/12 A2996 RMK AO2 SLP141 T02280117 51009
RDU,2026-09-28 15:51,75.00,KRDU 281551Z 29004KT 10SM FEW055 FEW250 24/11 A2995 RMK AO2 SLP138 T02390111
RDU,2026-09-28 16:51,76.00,KRDU 281651Z 26006G16KT 10SM FEW055 FEW250 24/12 A2994 RMK AO2 SLP134 T02440117
RDU,2026-09-28 17:51,78.00,KRDU 281751Z VRB05KT 10SM SCT055 SCT110 26/11 A2992 RMK AO2 SLP128 T02560111 10261 20144 58013
RDU,2026-09-28 18:51,80.00,KRDU 281851Z 23003KT 10SM BKN055 BKN110 27/11 A2990 RMK AO2 SLP121 T02670111
RDU,2026-09-28 19:51,80.00,KRDU 281951Z 36006KT 10SM BKN060 27/12 A2989 RMK AO2 SLP119 T02670122
RDU,2026-09-28 20:51,78.00,KRDU 282051Z VRB05KT 10SM BKN060 26/12 A2989 RMK AO2 SLP118 T02560122 56010
RDU,2026-09-28 21:51,78.00,KRDU 282151Z 34005KT 10SM BKN060 26/12 A2990 RMK AO2 SLP123 T02560122
RDU,2026-09-28 22:51,76.00,KRDU 282251Z 36004KT 10SM BKN060 24/13 A2993 RMK AO2 SLP131 T02440128
RDU,2026-09-28 23:51,73.00,KRDU 282351Z 05003KT 10SM BKN060 23/13 A2994 RMK AO2 SLP136 T02280133 10267 20222 53017
RDU,2026-09-29 00:51,71.00,KRDU 290051Z 04003KT 10SM BKN065 BKN250 22/14 A2997 RMK AO2 SLP145 T02170139
RDU,2026-09-29 01:51,71.00,KRDU 290151Z 00000KT 10SM BKN065 OVC250 22/15 A2999 RMK AO2 SLP151 T02170150
RDU,2026-09-29 02:51,70.00,KRDU 290251Z 00000KT 10SM BKN070 OVC250 21/15 A3000 RMK AO2 SLP155 T02110150 51019
RDU,2026-09-29 03:51,67.00,KRDU 290351Z 00000KT 10SM BKN060 BKN075 BKN250 19/15 A3000 RMK AO2 SLP156 T01940150
RDU,2026-09-29 04:51,68.00,KRDU 290451Z 00000KT 10SM BKN065 BKN250 20/16 A3000 RMK AO2 SLP155 T02000161 402670122
RDU,2026-09-29 05:51,69.00,KRDU 290551Z 00000KT 10SM OVC065 21/15 A3000 RMK AO2 SLP154 T02060150 10222 20194 50000
RDU,2026-09-29 06:51,69.00,KRDU 290651Z 11003KT 10SM OVC065 21/15 A3000 RMK AO2 SLP155 T02060150
RDU,2026-09-29 07:51,68.00,KRDU 290751Z 00000KT 10SM BKN065 20/16 A2999 RMK AO2 SLP152 T02000156
RDU,2026-09-29 08:51,68.00,KRDU 290851Z 35003KT 10SM BKN065 20/15 A2999 RMK AO2 SLP150 T02000150 58004
RDU,2026-09-29 09:51,68.00,KRDU 290951Z 00000KT 10SM BKN065 20/14 A3001 RMK AO2 SLP156 T02000144
RDU,2026-09-29 10:51,65.00,KRDU 291051Z 33003KT 10SM FEW065 18/15 A3002 RMK AO2 SLP161 T01830150
RDU,2026-09-29 11:51,66.00,KRDU 291151Z 35003KT 10SM FEW065 19/15 A3004 RMK AO2 SLP168 T01890150 10206 20178 53016
RDU,2026-09-29 12:51,69.00,KRDU 291251Z 01004KT 10SM FEW065 21/15 A3005 RMK AO2 SLP171 T02060150
RDU,2026-09-29 13:51,73.00,KRDU 291351Z 02004KT 10SM FEW070 FEW250 23/15 A3006 RMK AO2 SLP174 T02280150
RDU,2026-09-29 14:51,77.00,KRDU 291451Z VRB03KT 10SM FEW070 FEW250 25/14 A3006 RMK AO2 SLP175 T02500144 51008
RDU,2026-09-29 15:51,80.00,KRDU 291551Z 03003KT 10SM SCT045 27/14 A3007 RMK AO2 SLP176 T02670139
RDU,2026-09-29 16:51,78.00,KRDU 291651Z 25003KT 10SM SCT047 BKN060 26/14 A3006 RMK AO2 SLP173 T02560139
RDU,2026-09-29 17:51,79.00,KRDU 291751Z 02003KT 10SM SCT050 BKN060 26/13 A3004 RMK AO2 SLP167 T02610133 10272 20189 58008
RDU,2026-09-29 18:51,80.00,KRDU 291851Z VRB05KT 10SM SCT050 BKN060 27/15 A3002 RMK AO2 SLP162 T02670150
RDU,2026-09-29 19:51,79.00,KRDU 291951Z 02005KT 10SM SCT050 BKN060 26/15 A3002 RMK AO2 SLP160 T02610150
RDU,2026-09-29 20:51,79.00,KRDU 292051Z VRB03KT 10SM FEW050 BKN060 26/15 A3002 RMK AO2 SLP159 T02610150 56008
RDU,2026-09-29 21:51,80.00,KRDU 292151Z 01005KT 10SM FEW050 SCT060 27/15 A3002 RMK AO2 SLP160 T02670150
RDU,2026-09-29 22:51,76.00,KRDU 292251Z 02004KT 10SM FEW050 SCT060 24/16 A3003 RMK AO2 SLP167 T02440156
RDU,2026-09-29 23:51,71.00,KRDU 292351Z 03004KT 10SM FEW050 FEW060 SCT250 22/16 A3005 RMK AO2 SLP171 T02170156 10278 20217 53011
RDU,2026-09-30 00:51,71.00,KRDU 300051Z 04003KT 10SM SCT060 SCT250 22/16 A3007 RMK AO2 SLP180 T02170161
RDU,2026-09-30 01:51,70.00,KRDU 300151Z 06004KT 10SM SCT065 SCT250 21/17 A3009 RMK AO2 SLP185 T02110167
RDU,2026-09-30 02:51,70.00,KRDU 300251Z 10003KT 10SM FEW065 FEW250 21/17 A3009 RMK AO2 SLP186 T02110167 51015 $
RDU,2026-09-30 03:51,68.00,KRDU 300351Z 00000KT 10SM FEW055 20/17 A3009 RMK AO2 SLP186 T02000167 $
RDU,2026-09-30 04:51,66.00,KRDU 300451Z 00000KT 10SM FEW055 19/17 A3009 RMK AO2 SLP187 T01890167 402780178 $
RDU,2026-09-30 05:51,65.00,KRDU 300551Z 00000KT 10SM CLR 18/17 A3009 RMK AO2 SLP184 T01830167 10228 20183 58002 $
RDU,2026-09-30 06:51,63.00,KRDU 300651Z 00000KT 10SM CLR 17/16 A3009 RMK AO2 SLP186 T01720161 $
RDU,2026-09-30 07:51,62.00,KRDU 300751Z 00000KT 10SM CLR 17/16 A3008 RMK AO2 SLP183 T01670161 $
RDU,2026-09-30 08:51,61.00,KRDU 300851Z 00000KT 10SM FEW060 16/16 A3010 RMK AO2 SLP188 T01610161 53003 $
RDU,2026-09-30 09:51,61.00,KRDU 300951Z 00000KT 8SM CLR 16/16 A3010 RMK AO2 SLP189 T01610161 $
RDU,2026-09-30 10:51,61.00,KRDU 301051Z 00000KT 4SM BR FEW060 16/16 A3011 RMK AO2 SLP193 T01610161 $
RDU,2026-09-30 11:51,62.00,KRDU 301151Z 36003KT 8SM FEW002 FEW060 17/16 A3014 RMK AO2 SLP202 T01670161 10183 20156 53013
RDU,2026-09-30 12:51,65.00,KRDU 301251Z 36003KT 10SM FEW003 18/17 A3016 RMK AO2 SLP208 T01830172
RDU,2026-09-30 13:51,72.00,KRDU 301351Z 00000KT 10SM FEW250 22/18 A3017 RMK AO2 SLP213 T02220183
RDU,2026-09-30 14:51,76.00,KRDU 301451Z VRB03KT 10SM FEW025 FEW250 24/18 A3018 RMK AO2 SLP214 T02440178 51014
RDU,2026-09-30 15:51,79.00,KRDU 301551Z 00000KT 10SM FEW035 FEW250 26/17 A3017 RMK AO2 SLP211 T02610172
RDU,2026-09-30 16:51,82.00,KRDU 301651Z 09004KT 10SM SCT045 SCT250 28/15 A3015 RMK AO2 SLP204 T02780150
RDU,2026-09-30 17:51,85.00,KRDU 301751Z 18006KT 10SM SCT055 SCT250 29/14 A3012 RMK AO2 SLP194 T02940144 10294 20167 58020
RDU,2026-09-30 18:51,84.00,KRDU 301851Z VRB04KT 10SM SCT060 SCT250 29/13 A3009 RMK AO2 SLP185 T02890133
RDU,2026-09-30 19:51,85.00,KRDU 301951Z 12003KT 10SM FEW060 SCT250 29/14 A3008 RMK AO2 SLP180 T02940139
RDU,2026-09-30 20:51,85.00,KRDU 302051Z COR 30005KT 10SM FEW060 SCT250 29/13 A3008 RMK AO2 SLP182 T02940128 55011
RDU,2026-09-30 21:51,84.00,KRDU 302151Z 00000KT 10SM FEW060 SCT250 29/12 A3008 RMK AO2 SLP181 T02890122
RDU,2026-09-30 22:51,81.00,KRDU 302251Z 07003KT 10SM FEW060 SCT250 27/14 A3009 RMK AO2 SLP185 T02720144
RDU,2026-09-30 23:51,76.00,KRDU 302351Z 04003KT 10SM FEW060 SCT250 24/16 A3011 RMK AO2 SLP192 T02440156 10300 20239 53008
RDU,2026-10-01 00:51,71.00,KRDU 010051Z 00000KT 10SM SCT250 22/16 A3012 RMK AO2 SLP197 T02170156
RDU,2026-10-01 01:51,71.00,KRDU 010151Z 00000KT 10SM SCT250 22/16 A3013 RMK AO2 SLP200 T02170161
RDU,2026-10-01 02:51,69.00,KRDU 010251Z 00000KT 10SM BKN250 21/16 A3013 RMK AO2 SLP199 T02060161 51008
RDU,2026-10-01 03:51,67.00,KRDU 010351Z 00000KT 10SM FEW200 BKN250 19/17 A3014 RMK AO2 SLP200 T01940167
