location,path,container,bytes,sha256
committed,README.md,,19885,30b1bf5885786d661bb46766973c29c3d55b866255b236b4f83dd3d6a1fdc721
committed,data/snapshots/pre_eda_prepared.zip,,13223030,5d1e68dd0bb218af36702165ad17ea744419df35d2b9987da937e80d1f88dd17
committed,data/snapshots/pre_eda_raw.zip,,18025658,bbd0cd71f2a070c5542091cac81db67efc8bf6f0535f557b109735b347633822
committed,data/snapshots/pre_eda_records.zip,,994582,15e12cd0ceb675a147ac96b01f4f879fd44ed8aa19666fabe5a120475af0dc2c
committed,docs/DATA_DECISIONS.md,,26756,74a459064c5c9ac2f817e947b16e4f213e7a950ef63b3abf4a3aac882a94dbf6
committed,docs/DATA_DICTIONARY.md,,8837,69578f14db0cc9726324af83a162dfd392d507d7be12d5e934cabf78f05fd251
committed,docs/EDA_SCOPE.json,,438,6e5e5b81a8c7da95afb2076bc44da91d705a9250c2897be3a2d7cd56160b12f5
committed,docs/NEXT_STEPS.md,,4725,e7b0eaecb06005b1a8fd7207edb54bce8c60d47d40b84e4875cae1769b24350c
committed,docs/PREPARATION_QUALITY_REPORT.md,,4284,bc92866f016cba37992d865ff04f968a17fda0371f70005c33152ca4edae002f
committed,docs/PROJECT_REQUIREMENTS.md,,2480,cd5b033798e7521c270ac47dbcdf4d686a4729a0b7a2d4b2aa52d240f1ab4a64
committed,docs/data_contract.json,,1765,33f81975628e533651aa9445e760ad8a985c3998bc4de5cf3102b6128ee95edb
committed,docs/gfs_publication_headers.json,,1202,e1442079253a641bb150256bd7525263e3e255ab26a7bd2483bdd81b839511b0
committed,docs/iem_rdu_station.json,,812,73d8081f599011fcd48a4842476ff2dcbbbf3955a3d383d0bc7f2d9ce6c7f46b
committed,notebooks/01_rdu_eda.ipynb,,53905,9b3d995a2923b429ed34165a4a0f791c89dace87abd8b77f0f016760e25551b3
committed,reports/COMPLETION_AUDIT.json,,850,d47bc33df1d3cb69a630b9cb2ab4c6777d6fbd0ac65fa46eca2bbe8e9a419d7d
committed,reports/eda/EDA_REPORT.html,,29194,24d4c2fa23cd6b6682b89a24a99d31ab47f893c31824c3e3f8820ab235cbedb8
committed,reports/eda/EDA_REPORT.md,,25551,77d40e236a5bbeb52fd5f3af6337a0cd2f658322ec52d1ee0961916e76a45094
committed,reports/eda/figure_explanations.json,,17498,444d2f6f72aa518411dfc809d6f9382a7814b208e7d55e1efbde3dc7277f0aa4
committed,reports/eda/figures/01_history.png,,155622,f887dcbfa23462740c6e4496c987e2e19ef4b029baf124c0638f791cbbe3c3ea
committed,reports/eda/figures/01_history.svg,,103767,7ff64110c4e98c78c034028b7922a8e48036ecf42c351c22d947b87471c175d8
committed,reports/eda/figures/02_missingness.png,,55012,07b590b08566dbb6bb9288ad7e819f0c17ff7764abad71c427572713fab7b04f
committed,reports/eda/figures/02_missingness.svg,,53369,89d8068bd6aed0617c5d19a49915adfc40216169286e5562fc1a8e157bf889d3
committed,reports/eda/figures/03_months.png,,38461,93849b577a361e5ea27d6fc1b1f32145c6a0169ff0ff57ebb0fdda5140a2860e
committed,reports/eda/figures/03_months.svg,,49150,d0e6848f8ae4a38042baff10ee2e4618cea166891ca8132e4745028094c4900b
committed,reports/eda/figures/04_season_distributions.png,,43906,e10d63a9fdd1ffa9839a4d9eebbdae65352e5dadcd640d7edf09cb169f8bf606
committed,reports/eda/figures/04_season_distributions.svg,,46831,759af5739dfa81ac6f5010bcd2cb4c158d455ed56514559d96549f4012b1680d
committed,reports/eda/figures/05_month_hour.png,,43036,c85349f309df31319c9155c37eded4bed767b2dbd5ecf22c38153a4be98ea824
committed,reports/eda/figures/05_month_hour.svg,,46428,99bbcc9e6d0c41df5d10a78f2859a03c66ccee9f35df4db72e1bfd5572b6c06d
committed,reports/eda/figures/06_daily_cycle.png,,102722,45d6990690fa5d58b54c7279011d2de3c555e00633449bcd729a53f9fa552844
committed,reports/eda/figures/06_daily_cycle.svg,,42729,7940975d7f731e71672743de28a860bb5a7a3e1f3c893b566a88cca81ccd68b8
committed,reports/eda/figures/07_autumn_transition.png,,83454,f566cc3273627f26568dee2b6bca507a8942fd0e66572b699640522f8fb89fd0
committed,reports/eda/figures/07_autumn_transition.svg,,49276,21b47897853a8be221642b2d9e6ea34a765915d7abea8c39b5c710bdc3edbfbf
committed,reports/eda/figures/08_target_weather.png,,174868,a19f593c3d5e67eb0956b3408e467fd48fd41c8876aa6a07685b420d13faa8f2
committed,reports/eda/figures/08_target_weather.svg,,44276,d196c3020316a0fb7abdb8360f53afdfe835d316ec39779942b8e190b11df6b2
committed,reports/eda/figures/09_recency.png,,91970,427aad6219b65a9431551e50ada4e5d310cd1c18daed6602cf62fbbf9bc6e4c2
committed,reports/eda/figures/09_recency.svg,,40773,1d918441866ef1eeebce8e99aee28802d571cb5e8e6f707ef035ace7a2bdea11
committed,reports/eda/figures/10_history_sensitivity.png,,78092,31623773cc8bcf2bbf432e7edb8a4ccdeaa65d8c973eba738a540b0706d8d93b
committed,reports/eda/figures/10_history_sensitivity.svg,,38320,293902ffa1c92d9e239ec427f8134bdb3533d1bef845d293c9e33f803592e285
committed,reports/eda/figures/11_lag_dependence.png,,113888,5d3069ee3818bea1cba8a30160ca0cd44b4f75c0d05144462bf77ddedbc2d600
committed,reports/eda/figures/11_lag_dependence.svg,,52000,5308ebacb8d58454e1c8aeedd111283a6496cbc39bba3efa4d678262b63b378d
committed,reports/eda/figures/12_feature_relationships.png,,148720,9389bce82396de393d15ed90df4c45733e0ce9b7862633d02e94db073c060ad6
committed,reports/eda/figures/12_feature_relationships.svg,,93789,101f3d0dc37e1d101687a1a8aaa0bb6f81780a07ece49333dd32b6fdd3100a49
committed,reports/eda/figures/13_feature_availability.png,,48312,c9476ba79efbc70552e6beac36213561b1047943e60275b7502f102aaf90b5ab
committed,reports/eda/figures/13_feature_availability.svg,,44792,e121cb9a7b5c29cd0f911947561f86d160677c94705b2bb3b148ac0f068ab1d6
committed,reports/eda/figures/14_lagged_features.png,,67766,15382e9464fb6738412fc1369e27578d3a7af337b9303d7a5336db9228ca7e39
committed,reports/eda/figures/14_lagged_features.svg,,57017,68e1fb8441fd81fc6e09d41492ba00e5139966f322c8127771ef76daa27a6251
committed,reports/eda/figures/15_cloud_regimes.png,,43944,41a88c103ff13644f00299fe8b0fa6effd9468affbf0b0d65f447d018eaa72b4
committed,reports/eda/figures/15_cloud_regimes.svg,,44434,2dddce87de51fc4ee6ce30b3435891db014290bf8652f271d771fb4d43c7d2a0
committed,reports/eda/figures/16_source_precision.png,,36681,2f87fe11d8fcd3c532d46a9bcc040c0f18642f36580952d74dad791cb2282a0e
committed,reports/eda/figures/16_source_precision.svg,,45899,3dc26c6ba406e10e0ad50fd6d2fec4bbdf3f9cb71f435531f1f6f32cccec8ad3
committed,reports/eda/figures/17_event_context.png,,121836,2ca6da02c62af8d0460377e82123e05cf1ec14dbee7a949daa44ac6f7c45a5a5
committed,reports/eda/figures/17_event_context.svg,,52945,a2f0aaee7503b93d5307196292d9ea6d7261b960de0824d5edc6e2724928378c
committed,reports/eda/figures/18_contiguous_decomposition.png,,265270,489f57c0d086ad59a558e5da88c0fd3a690ce2539300f6eef9919100f6197be3
committed,reports/eda/figures/18_contiguous_decomposition.svg,,133234,788bca5f80e991f0308861629a585402047c9eb15876d6291ae4107a778ec643
committed,reports/eda/figures/19_residual_pacf.png,,40587,de9334ae6719b4cc347d2d0e9df2f3779bcc7ec0892d85d4b33b027539a10aed
committed,reports/eda/figures/19_residual_pacf.svg,,46508,c2143395b62f2376e3af536d259dddd202f12a96dd5e24b70ec7889f8e546228
committed,reports/eda/figures/20_2026_known_context.png,,110175,d2ca7bb66930e6286f4b5577115a13f07dd6a6be93a1bfc10586b2c0ad8d01fe
committed,reports/eda/figures/20_2026_known_context.svg,,45608,3a15076b226493e76faf4b451cd08e4f7d62d3631719ad8bc95f6e330d6d1bbb
committed,reports/eda/figures/21_frozen_forecast_input.png,,150897,5b109c19b74a295f184a52cd5b4a758394de700ea6310c40b73385c4c2c27643
committed,reports/eda/figures/21_frozen_forecast_input.svg,,61893,42de6f1c493cf10388d5e3dc6ef21c38dd55c7376a70a4b34796b4c62a019906
committed,reports/eda/figures/22_gfs_calibration_diagnostic.png,,76039,1586a1204d82dbe9d3d28f88ec750936e3d364b4938ed3264ea55973fc98b625
committed,reports/eda/figures/22_gfs_calibration_diagnostic.svg,,46567,bfb45486f494b993b5b73b6867b3a7e6350792eeeb603f80dcafc1a1bc253171
committed,reports/eda/figures/23_rain_regimes.png,,37270,b3070c757e80235d9fdcf1327fd72d78952bc84e1afa5884d4664691dd855e28
committed,reports/eda/figures/23_rain_regimes.svg,,35269,d5597428e750d42ab7f2c898a735633b72ceb3f0ae57022f5bfc9324f6926ff0
committed,reports/eda/figures/24_archive_agreement.png,,42207,4cbc9c9248c509b94a0ae83a50badcb8aa12e066effa86415899eca4d6e9f0a8
committed,reports/eda/figures/24_archive_agreement.svg,,48169,2af9a53ea804c3c1a50fe8b19a9b51e40efc7415db57800edf2acaa1c2115145
committed,reports/eda/summary.json,,1475,2cc0778d8d941de5bfb99561f8feb61137a9fb13befbb36617463a2ac8232bb5
committed,reports/eda/tables/2026_preorigin_context.csv,,117522,7c1a147b8d5d9d0740eb3cd688be6f22cd6ee746a99579682164b86545fc9ce2
committed,reports/eda/tables/autumn_daily_climatology.csv,,4761,8b9184d819d5e732f3139993852438dedd147c0dc4d0a36183d5b9e266686b32
committed,reports/eda/tables/cloud_temperature_anomalies.csv,,578,7cc7312cf88c1ce301265e976f7de956a6668c299d60797fbd2df9a678dd4c8d
committed,reports/eda/tables/contiguous_daily_decomposition.csv,,109300,f9bdfad587a72b48d5c55d84421379a524af8d2d4ec8b1d3b36618417805fd55
committed,reports/eda/tables/contiguous_residual_pacf.csv,,1187,74b3e68ab2c487862d26f44f5a982b1a0b55d144d0c8dca25504622288817e66
committed,reports/eda/tables/core_archive_agreement_summary.csv,,183,77c4685bfe8726d01b6404bb9f761bebcb1b9bfe5ddc2b6e252b43aa1c3f0906
committed,reports/eda/tables/core_archive_difference_distribution.csv,,219,e8fe0ca0c51eeb935adcaac0695486befcf9b7ad28070a59021536e343b35090
committed,reports/eda/tables/core_missing_runs.csv,,7579,676997f439c29e09cb3379d814f4c0c0361b145bc810054c4097b86c9a19f234
committed,reports/eda/tables/core_monthly_coverage.csv,,3537,a229f5d6a0177eb8843cbc3046964e9c45bd95db50589815cbae47dc3a2735ad
committed,reports/eda/tables/core_noaa_quality_codes.csv,,81,adeeef25e33e58fef15062dbee83d4a00a1a56500c668759056e46e6ba8c824a
committed,reports/eda/tables/diurnal_cycle.csv,,134,dc4305c68c56d3553267bdfa88bc5e43c55228c8fa73735729b69b576e8eee9f
committed,reports/eda/tables/elapsed_lag_correlations.csv,,18735,8be4b75348abe19965bd3c0f711cb6ac6768e04717ae24dbc52ab9084dbc48f5
committed,reports/eda/tables/final_forecast_input_summary.csv,,1210,1be5dbad1d17b9e2b47e8c5fe4635b020a18276cc5daaefb89cbfe7a22220361
committed,reports/eda/tables/five_vs_ten_year_target_climatology.csv,,1398,3322443dbc0611030a2ce133a8c0db2589e30a0421b5de36f0e41dde1c0145a9
committed,reports/eda/tables/gfs_calibration_metrics_by_day.csv,,939,806d725522e63b9936f3c580ccbc64c729c50bc5dd1b1bdd3d6880b2a48ece32
committed,reports/eda/tables/gfs_calibration_metrics_by_origin.csv,,1520,a313d9ad7c084daf6af65e32f2b20a42d6b1b608d4c23d4866c1f4e13303ccea
committed,reports/eda/tables/gfs_calibration_only_routine_report_pairs.csv,,806355,b83533c178c008eb08652628c70895406edabbea6000da1646aac3e99e91cad5
committed,reports/eda/tables/gfs_raw_fields_completeness.csv,,451,bffb7f977cecdb31044a17e76d4fd68c53d8fa897c5c6c53c8288a9a1863779d
committed,reports/eda/tables/historical_target_daily_means.csv,,1998,5c13019417087c06e98ad5cdae5b3521d4c8d8705344d3ff8a9c2c14dbbdc5fa
committed,reports/eda/tables/lagged_feature_associations.csv,,2130,32c7605ad3df581df7f30296833e6b33d429e5e945f31dcebed4882f54ed0e8b
committed,reports/eda/tables/monthly_hourly_means.csv,,5054,b7642a2365a63c451b9d8119c5c263194f9df8fd4e2b6fa67d6397167c9c59e3
committed,reports/eda/tables/monthly_temperature.csv,,679,f63bae25f03692d79857e60cd5bb647f7a7fe215ab44662c467f376fac898ff2
committed,reports/eda/tables/rain_regime_associations.csv,,250,9b7d9c09e7785abd801acd5e67349669670932ac83be8f19a84bc6599abb16a4
committed,reports/eda/tables/same_hour_correlations.csv,,1431,5bb50317d0326e23e4384a2a34d458cc111b8f26a029af6c8a4d6376741c148e
committed,reports/eda/tables/same_hour_pair_counts.csv,,645,41da5ad14498811a587bf7743ae1c600d72e389a6505f7ad5d86c3219283800e
committed,reports/eda/tables/seasonal_feature_availability.csv,,445,86edcb72889d05d36465667c5d6192319f29bb7b42a1c264f2650579d7730ff6
committed,reports/eda/tables/seasonal_weather_field_distributions.csv,,911,323ae6a9f588252f5ceaa47b938d706fa2e6814fdebd47040989357be877fa70
committed,reports/eda/tables/september_yearly_means.csv,,633,64cf4b76d29f027335462951257e3a6d094ae62599d56e425fb1cccfc95bd507
committed,reports/eda/tables/target_precision_difference.csv,,194,35a7b70b862abb15cd7a9322ddf7cbf484642386668d894316ea75746fb8107f
committed,reports/eda/tables/temperature_distributions.csv,,307,9286d3b5d29e41ac36c773f55fa84fac4c3c62c077389ba9c4494e6d2d9f15aa
committed,reports/eda/tables/training_season_extreme_reports.csv,,3459,f949676e9dcd3ae6bcb261b3e536af6ea38f6275a4782ef5b6b22966e211aa6f
committed,requirements.txt,,146,9ed8b6ffa34d3d5f51cfeca9de3104e6e4db3f6f0dd19d65e66cfa3891d184e0
committed,scripts/audit_repository.py,,5785,f9127aa2872df9aa957d12cdd9e18412f4a0f692afb6112c2e8a27f9a73e95a1
committed,scripts/build_documentation.py,,23596,72224b8a4c97ccd413d80302b8138d30c0701e3f4e931b7bb455f33751dcc93d
committed,scripts/build_notebook.py,,2463,f65b0ee4a2f78cf15b10f37c1e34e92ca16d1f8c051f4d56082d3513295a18e4
committed,scripts/package_data.py,,1390,01b04942dcd927c9c9fc273f5bd52a14f6ea6015581ef8f5c54ff9a8d74ce36d
committed,scripts/run_eda.py,,284,a5741602f934bd766043ba90e2db5120f6d3bb9435a457c2115e6216b18533fc
committed,scripts/unpack_data.py,,1110,0073759ec4f5e94a5b39790d2db308bcfc323bc6a083ec479103eb269ebb24aa
committed,src/__init__.py,,65,bcb6fbadd59a2df5bc3ec8aefd394c6c7815032a729fd75997148d1a6f977476
committed,src/data_access.py,,3782,79ad3e6e1053fdb95e1841be48f9ae622c72057aedae20d756a16d4ffa607d30
committed,src/eda.py,,47533,95a25d762f7de8f088b71e81893094f17d7e04a4c597c99bb7ee7bd3eb1f699c
committed,tests/test_data_contract.py,,3179,665a91481ef2aee385d5d69f0af8a728023c16735e2f16cdf231f742fac9f852
committed,.gitignore,,165,0b7dd52c603e2b6f71a399e44c782b48a500ad83c732174f54fed48c74da0de0
bundled,data/pre_eda/prepared/gfs_20260916_18Z_target_forecast_inputs.csv,data/snapshots/pre_eda_prepared.zip,89627,dcac15816c0ce142217f52f3d3b7279cc3b765340337427c2538815d05fcb4c6
bundled,data/pre_eda/prepared/gfs_2026_historical_fixed_run_forecasts.csv,data/snapshots/pre_eda_prepared.zip,2090100,ce65148ffa3fafdf30a87dc8ae609103dabfc7e80ae74a94473bd68d378a943c
bundled,data/pre_eda/prepared/historical_validation_plan.csv,data/snapshots/pre_eda_prepared.zip,5528,3bd3559c9773eb9165c79b6956929c105b45117c0d2df690477e760b1cb8921e
bundled,data/pre_eda/prepared/initial_eda_training_only_before_2021_cutoff.csv,data/snapshots/pre_eda_prepared.zip,10628304,a71c458a3f2f20b46c6c0dcf4e484e79e8876ec9558547ac5bfb883eec4c61ba
bundled,data/pre_eda/prepared/noaa_hourly_temperature_normals_local_standard_time.csv,data/snapshots/pre_eda_prepared.zip,201564,ba4afde22ca1bfa6bdde09cb87375b6ec578644e9c2df610924629ca1df90c6e
bundled,data/pre_eda/prepared/rdu_all_months_hourly_2011_to_cutoff.csv,data/snapshots/pre_eda_prepared.zip,62688046,84f132a8485a965e59adb8f6e8cb0f739d414a1fc183997d645dbaf949913463
bundled,data/pre_eda/prepared/rdu_aug_oct_hourly_2011_to_cutoff.csv,data/snapshots/pre_eda_prepared.zip,15606459,122a47cec53c8a0d8f276edd81441289832712a446b10ec3b6e61b658eeb063d
bundled,data/pre_eda/prepared/rdu_primary_candidate_2016_to_cutoff.csv,data/snapshots/pre_eda_prepared.zip,10480039,1566d7f648e59701d5a784262a54afa285d02b1b100e172c9347ea9fde1203a9
bundled,data/pre_eda/prepared/target_336_hour_index_and_normals.csv,data/snapshots/pre_eda_prepared.zip,28930,af06f72f1e1d9b80927c2def4b99a07490afde65c98f08cd3dc4c82476bf44cf
bundled,data/pre_eda/raw/gfs_single_runs/gfs_20260402T1800Z.json,data/snapshots/pre_eda_raw.zip,21912,bc2d64e75b117578afa8f36a8b4403793283f319039d63d5d42931e7f647024e
bundled,data/pre_eda/raw/gfs_single_runs/gfs_20260409T1800Z.json,data/snapshots/pre_eda_raw.zip,22087,3313663879ae31655766ef5b564a9cfb8e61f891cfba179fe09959685012a572
bundled,data/pre_eda/raw/gfs_single_runs/gfs_20260416T1800Z.json,data/snapshots/pre_eda_raw.zip,22034,d8fadb197356806936280b76667c5e7d35a4e5f04e6c54d53dbd917d963e3d75
bundled,data/pre_eda/raw/gfs_single_runs/gfs_20260423T1800Z.json,data/snapshots/pre_eda_raw.zip,22048,0c75c4c1c6684781764f173207e9eaa95e14d1dde3cc6b3b6df5a8b33b31d851
bundled,data/pre_eda/raw/gfs_single_runs/gfs_20260430T1800Z.json,data/snapshots/pre_eda_raw.zip,21996,c30a3479bb8e1bc90c8731b2b72d368c9f02cb48b8f7ac6fbdd9175bcd16be6e
bundled,data/pre_eda/raw/gfs_single_runs/gfs_20260507T1800Z.json,data/snapshots/pre_eda_raw.zip,21944,9cb8b7915f04d284155d07cbc298b92fb68b66ea7de083b5de74e12f3809ec62
bundled,data/pre_eda/raw/gfs_single_runs/gfs_20260514T1800Z.json,data/snapshots/pre_eda_raw.zip,21995,b3fbf55907d2d4623ec7fa52c162f294373c7e7ec952bdaff9d583f235da5d2b
bundled,data/pre_eda/raw/gfs_single_runs/gfs_20260521T1800Z.json,data/snapshots/pre_eda_raw.zip,22099,c61dff00ee038a6f422a8459910e9c5ca08d45811b0aef9879bc3f3729284f85
bundled,data/pre_eda/raw/gfs_single_runs/gfs_20260528T1800Z.json,data/snapshots/pre_eda_raw.zip,22014,653acb47fc63add68b488594205651b709eb41217f502a45ee7e3dffd32227f7
bundled,data/pre_eda/raw/gfs_single_runs/gfs_20260604T1800Z.json,data/snapshots/pre_eda_raw.zip,22176,73c29fb102dfa295dc0fd652f17485a2bf931836d62c073346ca06fc35595dbd
bundled,data/pre_eda/raw/gfs_single_runs/gfs_20260611T1800Z.json,data/snapshots/pre_eda_raw.zip,22067,b1e598c475e983fcd06d801aaae3792b3bee93fbd0c82a99b9d3b132773f4478
bundled,data/pre_eda/raw/gfs_single_runs/gfs_20260618T1800Z.json,data/snapshots/pre_eda_raw.zip,22108,87152334b6da95439006f0cd97ff228e7cfd5f43e80a9b4a3882ff1839f67662
bundled,data/pre_eda/raw/gfs_single_runs/gfs_20260625T1800Z.json,data/snapshots/pre_eda_raw.zip,21980,41228d564cccd9b51d65d6d78470d267c4563591959c96d0b69b62ba41ad0528
bundled,data/pre_eda/raw/gfs_single_runs/gfs_20260702T1800Z.json,data/snapshots/pre_eda_raw.zip,22059,6c54a542725270a6417f9a38eec874de422ef94f4f42a2c0c3537aae7ae65238
bundled,data/pre_eda/raw/gfs_single_runs/gfs_20260709T1800Z.json,data/snapshots/pre_eda_raw.zip,22103,c51d6cffff118a0ef892d021bbcf9518f308df1d7b184629801948bf86a7bb7f
bundled,data/pre_eda/raw/gfs_single_runs/gfs_20260716T1800Z.json,data/snapshots/pre_eda_raw.zip,22131,0f88696a86932ab059f32253d80ed24f19d2115caa18da312fc65f98d3b1b266
bundled,data/pre_eda/raw/gfs_single_runs/gfs_20260723T1800Z.json,data/snapshots/pre_eda_raw.zip,21987,cb3d66de58ca4bd505d0632677cc18fcd46b296d835b9f1d7abcda5f2b617c0e
bundled,data/pre_eda/raw/gfs_single_runs/gfs_20260730T1800Z.json,data/snapshots/pre_eda_raw.zip,22128,eef67db459cb711852b954073708a401cbdf4e9e49f0744f7aaef2b0c4a3184a
bundled,data/pre_eda/raw/gfs_single_runs/gfs_20260806T1800Z.json,data/snapshots/pre_eda_raw.zip,22069,33a335fe2c086a9174228ed94f15c1838df3e21ad2b3e9f9729a1cc17a5a0be6
bundled,data/pre_eda/raw/gfs_single_runs/gfs_20260813T1800Z.json,data/snapshots/pre_eda_raw.zip,21957,5516f8344ac8fadb4925ef6aa8c681db81d45c9da07ad200a58fe7f8cbd5a774
bundled,data/pre_eda/raw/gfs_single_runs/gfs_20260820T1800Z.json,data/snapshots/pre_eda_raw.zip,22050,8c792695596a4c144ed4bdc6d582308209c3ca18883c20e70d2c7fc5610448e3
bundled,data/pre_eda/raw/gfs_single_runs/gfs_20260827T1800Z.json,data/snapshots/pre_eda_raw.zip,22015,bc84240bbf99f03a3bfaf70cec5d7c16fb7c2c9cd33627e3bcb3da0324d1aecd
bundled,data/pre_eda/raw/gfs_single_runs/gfs_20260916T1800Z.json,data/snapshots/pre_eda_raw.zip,21964,a327877f6e43586f1d44d1ba7c6017d42c2c0bc7779779ff4b12e1fb2cb73bd6
bundled,data/pre_eda/raw/iem_rdu_2011_routine_utc.csv,data/snapshots/pre_eda_raw.zip,1375121,c7cdd196d571f230575027e40168abe4cb00f028de2d3d77c1a16ed6cbc143ce
bundled,data/pre_eda/raw/iem_rdu_2012_routine_utc.csv,data/snapshots/pre_eda_raw.zip,1382449,4436c1dd266a1f8a4e1cd433113b1248768e7b6afdfdd7819127bb383c593b13
bundled,data/pre_eda/raw/iem_rdu_2013_routine_utc.csv,data/snapshots/pre_eda_raw.zip,1385806,a9b3f274189f7fa1ad32fe2cbc758bd52528b5e9a672578f3a7249aa3e2a6046
bundled,data/pre_eda/raw/iem_rdu_2014_routine_utc.csv,data/snapshots/pre_eda_raw.zip,1393260,f269ae2c71a5e46677e6ced448974955cfc4ea952ad2cf4103f638f8092b4e45
bundled,data/pre_eda/raw/iem_rdu_2015_routine_utc.csv,data/snapshots/pre_eda_raw.zip,1408967,f0d337b2e74f9cf67647cb5f93e37ea4248d42396ed5e8ba5bbac8ce1993f134
bundled,data/pre_eda/raw/iem_rdu_2016_routine_utc.csv,data/snapshots/pre_eda_raw.zip,1396281,03a60c5721291a83ba56fc9c5a8464158ab4b87b3196d49b8c9715cb70632728
bundled,data/pre_eda/raw/iem_rdu_2017_routine_utc.csv,data/snapshots/pre_eda_raw.zip,1396911,d2af47aad951011abed2b14392251d12166d0d0be1344ed01dc7fbe67eae7b9d
bundled,data/pre_eda/raw/iem_rdu_2018_routine_utc.csv,data/snapshots/pre_eda_raw.zip,1403666,3b44444a70db8bf335d3ae56056faba6d177f9704fb12dd940dd0555e849c523
bundled,data/pre_eda/raw/iem_rdu_2019_routine_utc.csv,data/snapshots/pre_eda_raw.zip,1384676,3df5c9893546eb4852db4080150e0a68b5c1a03e1fcacd6029bb963f507bf7ca
bundled,data/pre_eda/raw/iem_rdu_2020_routine_utc.csv,data/snapshots/pre_eda_raw.zip,1401458,2b9394b424a5468a712cd3af69e6d78d542c53e05da68f5d06416562bb3e9b24
bundled,data/pre_eda/raw/iem_rdu_2021_routine_utc.csv,data/snapshots/pre_eda_raw.zip,1365889,0290ce1e6cbec072cff645206490bdfbf7d2d7b216a2c64c2209eb0302c84160
bundled,data/pre_eda/raw/iem_rdu_2022_routine_utc.csv,data/snapshots/pre_eda_raw.zip,1386366,9fa3812cd3cc5a86d9a2003006c549e5a212768ab5b72c8731bed027d6d1ed03
bundled,data/pre_eda/raw/iem_rdu_2023_routine_utc.csv,data/snapshots/pre_eda_raw.zip,1377488,b158a1973a41dfde9f1728a9a2207fb02f770a2048774867c79bd1a10e7cb356
bundled,data/pre_eda/raw/iem_rdu_2024_routine_utc.csv,data/snapshots/pre_eda_raw.zip,1386595,d7474fa34e423cdcb8b63f5baaeae830c98abe21fbe7e9a82fbc00bae7db7855
bundled,data/pre_eda/raw/iem_rdu_2025_routine_utc.csv,data/snapshots/pre_eda_raw.zip,1386485,650f08390175fdc05064d48cde774e20ff54f9e419ca44c5621c6533cf4a1b2e
bundled,data/pre_eda/raw/iem_rdu_2026_routine_utc.csv,data/snapshots/pre_eda_raw.zip,975475,7b8a511a6ac6d3604713e52fda78818c74c9703624debd0770181aa495f5c4ef
bundled,data/pre_eda/raw/noaa_ghcnh_rdu_2011.psv,data/snapshots/pre_eda_raw.zip,11212717,450b953907e6c4123b2ce8387b8ce978effaf7e49480bf4060abb7b293159361
bundled,data/pre_eda/raw/noaa_ghcnh_rdu_2012.psv,data/snapshots/pre_eda_raw.zip,10888670,334372052c7650bed2626733e263c5c48b7b5e275df3cfde8034365b3259a998
bundled,data/pre_eda/raw/noaa_ghcnh_rdu_2013.psv,data/snapshots/pre_eda_raw.zip,11347405,cf6e63d2b9f2785914c2b528c66be12f3e834ba3ab97c0aa89eccfef6ddc7f67
bundled,data/pre_eda/raw/noaa_ghcnh_rdu_2014.psv,data/snapshots/pre_eda_raw.zip,11395097,1b3e4c8fe3632236f195ba877ba28a423ed13abef47ac2d923e8b48a4cd482ce
bundled,data/pre_eda/raw/noaa_ghcnh_rdu_2015.psv,data/snapshots/pre_eda_raw.zip,11190383,2deedb6b7df3635faec1a9079d4ce0b94a60d92c6647403f1670e5dd4a7498aa
bundled,data/pre_eda/raw/noaa_ghcnh_rdu_2016.psv,data/snapshots/pre_eda_raw.zip,10921427,6be268e8fb44241f5541110134409c0db5dc64a2dbcfc46a5a138610a3bf532d
bundled,data/pre_eda/raw/noaa_ghcnh_rdu_2017.psv,data/snapshots/pre_eda_raw.zip,10831616,7472dee06040a68bd0f78c4c854a50251ed38330655047de838bf218406b32c3
bundled,data/pre_eda/raw/noaa_ghcnh_rdu_2018.psv,data/snapshots/pre_eda_raw.zip,11098424,09fe00f39e1085029f2750a610d5f92b62c9dbb8e94e01ceca7e6c9ea04b6f59
bundled,data/pre_eda/raw/noaa_ghcnh_rdu_2019.psv,data/snapshots/pre_eda_raw.zip,10907088,e36e2fdd8a1165d0702e83e5051326a801688df5b41e8dba7f71bce2d1925730
bundled,data/pre_eda/raw/noaa_ghcnh_rdu_2020.psv,data/snapshots/pre_eda_raw.zip,11164758,d3bd517f12d5537b1930280bc0814201af6e4328219048b500ba3713a9b6213d
bundled,data/pre_eda/raw/noaa_ghcnh_rdu_2021.psv,data/snapshots/pre_eda_raw.zip,10850772,2e17e1a369ac8993a31da84212e970acb8cc2cf08a53e6c1249cf0f7bfc66c41
bundled,data/pre_eda/raw/noaa_ghcnh_rdu_2022.psv,data/snapshots/pre_eda_raw.zip,10933503,9be2ba77cafac927da9188bf755859fc31d455a84dd276b0ccfb24ffeb53bb32
bundled,data/pre_eda/raw/noaa_ghcnh_rdu_2023.psv,data/snapshots/pre_eda_raw.zip,11166458,f2282a39b63f96f784b41f88b43526af3ddac54226dd74681a4b0c189784e1da
bundled,data/pre_eda/raw/noaa_ghcnh_rdu_2024.psv,data/snapshots/pre_eda_raw.zip,12157673,0aa1e11d0e84bf206d2c696b88be7bba5c7df6e703424060bbc1cdde3364304a
bundled,data/pre_eda/raw/noaa_ghcnh_rdu_2025.psv,data/snapshots/pre_eda_raw.zip,11405430,7eb7f6f2ec0e94e3dee633880b6621eab5932e7af50c041cf67b0cfe5fc571dc
bundled,data/pre_eda/raw/noaa_rdu_hourly_normals_1991_2020.csv,data/snapshots/pre_eda_raw.zip,6432468,6310abd7002917a712556c7033b62ea088132b5ed61d9423f0de13e14cfeb037
bundled,data/pre_eda/metadata/data_contract.json,data/snapshots/pre_eda_records.zip,1765,33f81975628e533651aa9445e760ad8a985c3998bc4de5cf3102b6128ee95edb
bundled,data/pre_eda/metadata/download_failures.json,data/snapshots/pre_eda_records.zip,2,4f53cda18c2baa0c0354bb5f9a3ecbe5ed12ab4d8e11ba873c2f11161202b945
bundled,data/pre_eda/metadata/download_manifest.json,data/snapshots/pre_eda_records.zip,10466,c923fdb9a5173073efbd4540ae3c205cb5f0eae87e86090c98f8899544df7723
bundled,data/pre_eda/metadata/gfs_download_manifest.json,data/snapshots/pre_eda_records.zip,14860,7e5d60452776a408e50433cccdde34724592bb4a88884eb12bdbd71ecb8bce27
bundled,data/pre_eda/metadata/gfs_publication_headers.json,data/snapshots/pre_eda_records.zip,1202,e1442079253a641bb150256bd7525263e3e255ab26a7bd2483bdd81b839511b0
bundled,data/pre_eda/metadata/ghcnh_DOCUMENTATION.pdf,data/snapshots/pre_eda_records.zip,423879,df5694efdc2d498f006a343165bae65701d14809174b9bed660149bd4fe591b7
bundled,data/pre_eda/metadata/iem_nc_asos_network.geojson,data/snapshots/pre_eda_records.zip,51166,201628dc72bbac9e98dbbd786b137d2272753943019ae4d80d51a2998016d7ba
bundled,data/pre_eda/metadata/iem_rdu_station.json,data/snapshots/pre_eda_records.zip,812,73d8081f599011fcd48a4842476ff2dcbbbf3955a3d383d0bc7f2d9ce6c7f46b
bundled,data/pre_eda/metadata/noaa_download_manifest.json,data/snapshots/pre_eda_records.zip,5282,34ad5653a0257ec85ef5adfccb25cf20e7fd9d355dc1199f820500ac7dd0a307
bundled,data/pre_eda/metadata/noaa_homr_rdu.json,data/snapshots/pre_eda_records.zip,106623,8065e3c6cb3ec9fb5f251aef02f884ec3ee6277cfc92180901cdf4f6af145613
bundled,data/pre_eda/metadata/package_manifest.json,data/snapshots/pre_eda_records.zip,16740,699e96db3eb7604c4cbab50f503f83a9372fc1526a034a67279e090328d95030
bundled,data/pre_eda/metadata/project_requirements.json,data/snapshots/pre_eda_records.zip,837,29588697ce28178ab225657fe4617b5f5b1f2da843fec2f5e5d178cabd7d9f2e
bundled,data/pre_eda/metadata/rdu_station_history_summary.json,data/snapshots/pre_eda_records.zip,24705,1033272ce21a23361c4b4ef5cea9c8206da8ea68255ffb48cf9b32cb02c45d41
bundled,data/pre_eda/reports/QUALITY_REPORT.md,data/snapshots/pre_eda_records.zip,4284,bc92866f016cba37992d865ff04f968a17fda0371f70005c33152ca4edae002f
bundled,data/pre_eda/reports/coverage_after_quality_screening.csv,data/snapshots/pre_eda_records.zip,1890,c8f3a417f96a44f26ce0ed1ce0f5343f2a7d479ec3b9421589ebcd895b1c66d8
bundled,data/pre_eda/reports/coverage_by_year.csv,data/snapshots/pre_eda_records.zip,1991,6793db7b844cc8a7c5232a1b1a240d316241aa62981b91e09f23e880087eb6c2
bundled,data/pre_eda/reports/field_completeness.csv,data/snapshots/pre_eda_records.zip,2108,aea7568f5f1f53ff6798ddb6ff7405a00329122c8e9400d17fca257c943e165b
bundled,data/pre_eda/reports/missing_temperature_hours.csv,data/snapshots/pre_eda_records.zip,14947,f4cb5beead095fa7112e636cce228a31775e8bcaec4f7da7ff30b4e86fbce89a
bundled,data/pre_eda/reports/multiple_reports_per_hour.csv,data/snapshots/pre_eda_records.zip,5639,b2934be5985c88ecd99b4ad7ba0b44d0b8c263bf27ab5d747af091fe743a0211
bundled,data/pre_eda/reports/noaa_2011_2025_discrepancies.csv,data/snapshots/pre_eda_records.zip,22780,372e3294420d63ffa8a56f89a5334984f6a1657ad2885003df05d938b7cd4bfe
bundled,data/pre_eda/reports/noaa_2011_2025_exact_timestamp_crosscheck.csv,data/snapshots/pre_eda_records.zip,15328394,e34711a51d5883fbe6b651d5966469f553d588ca4da93082a2f5caf52a286a6c
bundled,data/pre_eda/reports/off_schedule_reports.csv,data/snapshots/pre_eda_records.zip,3102,4801985e4599cf5287cbecde3a8a58c0de4ec738c0a61ff060e86d67cfcc0d7e
bundled,data/pre_eda/reports/physical_consistency_flags.csv,data/snapshots/pre_eda_records.zip,172,9512c6c415b0734ddd73fe7ddf56365e80a3eef25034b161af31e5f4137054db
bundled,data/pre_eda/reports/preparation_summary.json,data/snapshots/pre_eda_records.zip,1324,dfc28f78fe5a965c506ed3761b548a3a795e4b5a75d7c92477295afb0541e382
bundled,data/pre_eda/reproducibility/README.md,data/snapshots/pre_eda_records.zip,782,8e9d019fee5848540179792234daf6161a2db945dcc5bb4a4b6d7a3a333b2a70
bundled,data/pre_eda/reproducibility/download_gfs.py,data/snapshots/pre_eda_records.zip,2393,0974068806c220de82dba3fb51d6597e137ed58ba6405ffdc51e25cb9b0ed068
bundled,data/pre_eda/reproducibility/download_noaa_history.py,data/snapshots/pre_eda_records.zip,1030,a63a93b989809a3226667b84316fd35fa6989c69e4c3613460d5f4b26e0d53f9
bundled,data/pre_eda/reproducibility/download_rdu.py,data/snapshots/pre_eda_records.zip,2691,0fb74a02898429d52d62f7dbb9be34e142752ca4f6b5b5cd824be602af354e5f
bundled,data/pre_eda/reproducibility/prepare_rdu.py,data/snapshots/pre_eda_records.zip,17316,8ca05ac5b34bfd9c4d4719a3202473a83f6fcd0edfb3f9d06ecbac9c620dc889
bundled,data/pre_eda/reproducibility/requirements.txt,data/snapshots/pre_eda_records.zip,30,41f7db2763b3f5b7da8b8f513910be0e515a1a7b2665145d6994fee10eca06bc
bundled,data/pre_eda/DATA_DICTIONARY.md,data/snapshots/pre_eda_records.zip,8837,69578f14db0cc9726324af83a162dfd392d507d7be12d5e934cabf78f05fd251
bundled,data/pre_eda/README.md,data/snapshots/pre_eda_records.zip,3636,aa47816d3503cd63077ada46f57f021071f2e1f5d2f8cac7a0ad7e1989391016
bundled,data/pre_eda/DATA_DECISIONS.md,data/snapshots/pre_eda_records.zip,26756,74a459064c5c9ac2f817e947b16e4f213e7a950ef63b3abf4a3aac882a94dbf6
committed,reports/FILE_INVENTORY.csv,,self-referential,not self-hashed
committed,reports/SHA256SUMS.txt,,self-referential,not self-hashed
