,cloud,mean,count,period
0,BKN,1.5150569494869621,1151,Night 00–06
1,CLR,-6.044069332981064,850,Night 00–06
2,FEW,0.4276827500582807,3168,Night 00–06
3,OVC,2.3355866066224698,520,Night 00–06
4,SCT,1.0768451221856363,722,Night 00–06
5,Unknown,,0,Night 00–06
6,VV,2.2258199203841165,21,Night 00–06
0,BKN,-3.098724949836582,930,Afternoon 12–18
1,CLR,-2.3621390532735074,227,Afternoon 12–18
2,FEW,0.8972309456378476,2738,Afternoon 12–18
3,OVC,-9.483213566717012,244,Afternoon 12–18
4,SCT,1.430264432123856,2290,Afternoon 12–18
5,Unknown,,0,Afternoon 12–18
