lag_hours,partial_correlation
0,1.0
1,0.9455195470064883
2,-0.228229381870833
3,-0.1096259255320586
4,-0.04415974791356593
5,-0.06543474601804772
6,0.01418080213693579
7,-0.0775950146122307
8,0.00423719636418642
9,-0.009498084016060187
10,0.10212446210017459
11,0.04149947563745816
12,-0.008713767123230631
13,0.002502615092871023
14,0.03316966872751677
15,0.02589312021959767
16,-0.010478452730926971
17,-0.00043646313663553904
18,-0.05847974680049957
19,0.01098497123967118
20,-0.023995671497706258
21,-0.10078028268399984
22,-0.06062873224232847
23,-0.01872836287267697
24,-0.0013356191344453144
25,0.020425959664125165
26,-0.07937614062008849
27,0.015417900477549339
28,-0.030385646953545713
29,0.010249265732308445
30,-0.014336721155837718
31,-0.031525254871970984
32,-0.0009795185770971886
33,-0.02658942704472465
34,-0.011126426249749506
35,-0.007704839435663539
36,0.0016391239957823003
37,-0.00039039384232909417
38,-0.05695575761008608
39,-0.013378229564039692
40,-0.05909390172143722
41,-0.01847794022735758
42,-0.005757613060314045
43,0.009494168307245875
44,-0.06665472605193816
45,0.04625293806478804
46,-0.04278923148073274
47,-0.013694963820009764
48,0.03899347781060837
