local_year,local_month,hours,usable,unavailable_pct
2011,1,744,744,0.0
2011,2,672,668,0.5952380952380931
2011,3,743,740,0.40376850605652326
2011,4,720,717,0.4166666666666652
2011,5,744,739,0.6720430107526876
2011,6,720,720,0.0
2011,7,744,741,0.40322580645161255
2011,8,744,743,0.13440860215053752
2011,9,720,716,0.5555555555555536
2011,10,744,744,0.0
2011,11,721,720,0.1386962552011095
2011,12,744,743,0.13440860215053752
2012,1,744,744,0.0
2012,2,696,695,0.1436781609195359
2012,3,743,742,0.1345895020188448
2012,4,720,720,0.0
2012,5,744,744,0.0
2012,6,720,720,0.0
2012,7,744,744,0.0
2012,8,744,744,0.0
2012,9,720,720,0.0
2012,10,744,742,0.26881720430107503
2012,11,721,720,0.1386962552011095
2012,12,744,743,0.13440860215053752
2013,1,744,744,0.0
2013,2,672,671,0.14880952380952328
2013,3,743,741,0.2691790040376896
2013,4,720,719,0.1388888888888884
2013,5,744,744,0.0
2013,6,720,717,0.4166666666666652
2013,7,744,742,0.26881720430107503
2013,8,744,741,0.40322580645161255
2013,9,720,719,0.1388888888888884
2013,10,744,744,0.0
2013,11,721,720,0.1386962552011095
2013,12,744,743,0.13440860215053752
2014,1,744,744,0.0
2014,2,672,672,0.0
2014,3,743,742,0.1345895020188448
2014,4,720,720,0.0
2014,5,744,743,0.13440860215053752
2014,6,720,720,0.0
2014,7,744,743,0.13440860215053752
2014,8,744,744,0.0
2014,9,720,720,0.0
2014,10,744,744,0.0
2014,11,721,721,0.0
2014,12,744,743,0.13440860215053752
2015,1,744,743,0.13440860215053752
2015,2,672,672,0.0
2015,3,743,741,0.2691790040376896
2015,4,720,720,0.0
2015,5,744,744,0.0
2015,6,720,711,1.2499999999999956
2015,7,744,744,0.0
2015,8,744,742,0.26881720430107503
2015,9,720,719,0.1388888888888884
2015,10,744,738,0.8064516129032251
2015,11,721,721,0.0
2015,12,744,744,0.0
2016,1,744,744,0.0
2016,2,696,696,0.0
2016,3,743,743,0.0
2016,4,720,720,0.0
2016,5,744,744,0.0
2016,6,720,717,0.4166666666666652
2016,7,744,744,0.0
2016,8,744,740,0.5376344086021501
2016,9,720,720,0.0
2016,10,744,744,0.0
2016,11,721,721,0.0
2016,12,744,741,0.40322580645161255
2017,1,744,742,0.26881720430107503
2017,2,672,670,0.29761904761904656
2017,3,743,742,0.1345895020188448
2017,4,720,720,0.0
2017,5,744,744,0.0
2017,6,720,718,0.2777777777777768
2017,7,744,744,0.0
2017,8,744,744,0.0
2017,9,720,720,0.0
2017,10,744,744,0.0
2017,11,721,721,0.0
2017,12,744,744,0.0
2018,1,744,743,0.13440860215053752
2018,2,672,672,0.0
2018,3,743,741,0.2691790040376896
2018,4,720,718,0.2777777777777768
2018,5,744,739,0.6720430107526876
2018,6,720,720,0.0
2018,7,744,742,0.26881720430107503
2018,8,744,743,0.13440860215053752
2018,9,720,719,0.1388888888888884
2018,10,744,744,0.0
2018,11,721,718,0.4160887656033285
2018,12,744,744,0.0
2019,1,744,742,0.26881720430107503
2019,2,672,672,0.0
2019,3,743,741,0.2691790040376896
2019,4,720,719,0.1388888888888884
2019,5,744,743,0.13440860215053752
2019,6,720,720,0.0
2019,7,744,744,0.0
2019,8,744,743,0.13440860215053752
2019,9,720,719,0.1388888888888884
2019,10,744,744,0.0
2019,11,721,721,0.0
2019,12,744,741,0.40322580645161255
2020,1,744,744,0.0
2020,2,696,691,0.7183908045977017
2020,3,743,743,0.0
2020,4,720,715,0.694444444444442
2020,5,744,743,0.13440860215053752
2020,6,720,720,0.0
2020,7,744,742,0.26881720430107503
2020,8,744,744,0.0
2020,9,720,719,0.1388888888888884
2020,10,744,743,0.13440860215053752
2020,11,721,721,0.0
2020,12,744,744,0.0
2021,1,744,743,0.13440860215053752
2021,2,672,672,0.0
2021,3,743,732,1.4804845222072704
2021,4,720,720,0.0
2021,5,744,744,0.0
2021,6,720,720,0.0
2021,7,744,713,4.1666666666666625
2021,8,744,744,0.0
2021,9,384,383,0.26041666666666297
