lag_hours,raw_correlation,calendar_demeaned_correlation,pairs,demeaned_pairs
1,0.9777871759753085,0.9717579061758971,23141,23141
2,0.9330871425802132,0.9379594106670097,23128,23128
3,0.8713125906765097,0.8997184371628024,23116,23116
4,0.7988637103476002,0.8603882729903578,23104,23104
5,0.7210665694482022,0.8215027057137997,23092,23092
6,0.6431171414481242,0.7847875682138323,23081,23081
7,0.569265049117527,0.7505042571317596,23069,23069
8,0.5035649575132524,0.719361640381448,23058,23058
9,0.44930199520314795,0.6918436378338888,23047,23047
10,0.40893598083796456,0.6686437232909527,23036,23036
11,0.3836360131538677,0.6507768173272384,23025,23025
12,0.37288421226097984,0.6380726651975541,23014,23014
13,0.37608223265856605,0.630142441550532,23003,23003
14,0.39347030228268876,0.6269322226705035,22992,22992
15,0.4250671634105724,0.6274000113740581,22981,22981
16,0.4700507183518786,0.6312212114702475,22970,22970
17,0.5256216130391062,0.6366206677029577,22959,22959
18,0.5882810272846194,0.642244002001762,22948,22948
19,0.6538423386491882,0.6466156855902194,22937,22937
20,0.7182035951906591,0.6502533465514858,22926,22926
21,0.7762921320193704,0.6515926363211163,22915,22915
22,0.8236142882278363,0.6513425877618984,22904,22904
23,0.8539529710371963,0.6466953776683628,22893,22893
24,0.8616899736418135,0.6363067955000842,22882,22882
25,0.8440979636486285,0.6204710154536823,22871,22871
26,0.8042041115536422,0.5999500165034649,22860,22860
27,0.7477801122766385,0.5766699299561339,22849,22849
28,0.680648264128943,0.5524906968044199,22838,22838
29,0.6084922079228098,0.529688776826075,22827,22827
30,0.5353960252653325,0.5073032601574072,22816,22816
31,0.466368201709351,0.4867842257464218,22805,22805
32,0.40520709492710644,0.4682797490392092,22794,22794
33,0.35478012648304746,0.4514888347261173,22783,22783
34,0.31754260546759855,0.43688088951083986,22773,22773
35,0.29416987133192707,0.4246125171474023,22761,22761
36,0.28425707666655864,0.4146395036828406,22750,22750
37,0.2872989999431425,0.40656246593896106,22739,22739
38,0.3038792399996092,0.40109476552948853,22728,22728
39,0.3341524099141711,0.3973264117416997,22718,22718
40,0.3768543552388716,0.3944114872653427,22707,22707
41,0.430082895160765,0.3924791938366971,22696,22696
42,0.4905711027075202,0.39088771779179987,22685,22685
43,0.5542521067063477,0.38894414395976684,22674,22674
44,0.617206401566083,0.38742779350750506,22663,22663
45,0.6748278043728864,0.3862599841568739,22652,22652
46,0.7217509987694464,0.38388543667811886,22641,22641
47,0.7529153761821702,0.3805572135778212,22630,22630
48,0.7630675700302094,0.37590462639089295,22619,22619
49,0.7487771885534947,0.36863965057631487,22608,22608
50,0.7133760987030339,0.3601880359187774,22597,22597
51,0.6618455984941614,0.35047996607899523,22586,22586
52,0.5994839138422678,0.33979193004050223,22575,22575
53,0.5314398235174514,0.329022712593757,22564,22564
54,0.46235111228637393,0.31836108123504586,22553,22553
55,0.3967574958502895,0.30840740239870007,22542,22542
56,0.33835409267269034,0.29878201049056824,22531,22531
57,0.29058628376982115,0.29025533231192874,22520,22520
58,0.2555690674519604,0.2825993651079256,22509,22509
59,0.23431528587838457,0.2763981432250857,22498,22498
60,0.22613850706730984,0.2711782128071469,22487,22487
61,0.23064788730318095,0.2670319750803441,22476,22476
62,0.24843183564764953,0.264208526446363,22465,22465
63,0.2799015476357732,0.2624864775622292,22454,22454
64,0.3241244145048504,0.2618647708016186,22443,22443
65,0.3787780315535877,0.26183204468348464,22432,22432
66,0.4408743379571428,0.26258732278437036,22421,22421
67,0.5065465117815663,0.2638659306888182,22410,22410
68,0.5715250489458725,0.265690078544067,22399,22399
69,0.6309583125576242,0.2674943974450762,22388,22388
70,0.6799380149910573,0.2689198870235246,22377,22377
71,0.7128512765098954,0.26913681019203295,22366,22366
72,0.7244220352734488,0.26772081151464394,22355,22355
73,0.7118667103240006,0.2650972307295457,22344,22344
74,0.6779903913387421,0.26125839393958206,22333,22333
75,0.6281170788440708,0.2565639276485352,22323,22323
76,0.5674821358891116,0.25126225165243316,22311,22311
77,0.5011034652670969,0.2458517076943068,22300,22300
78,0.43359176519270726,0.24039445591994515,22289,22289
79,0.3693762377443085,0.23497561665442676,22278,22278
80,0.3124071423252845,0.2298641532848062,22267,22267
81,0.2657380976985114,0.22486313642110753,22256,22256
82,0.23157588927870962,0.22005992554071638,22245,22245
83,0.21119267392276328,0.21631348125844335,22234,22234
84,0.20392823635286894,0.21354319388807133,22223,22223
85,0.20916761134444561,0.2111096161975044,22212,22212
86,0.22734401779661162,0.20900641954988514,22201,22201
87,0.25900649237026657,0.20745093173945922,22191,22191
88,0.30307768483433656,0.20609649505778468,22180,22180
89,0.3577647083316966,0.20588134004886216,22170,22170
90,0.419608826977254,0.20544524610191084,22158,22158
91,0.48486290870048226,0.2051193060194327,22147,22147
92,0.5493796545126046,0.20530396630644793,22136,22136
93,0.6081671985819818,0.20507604365459817,22125,22125
94,0.6563595376785664,0.20432609729857396,22114,22114
95,0.6889228129800141,0.20352483356348772,22103,22103
96,0.7005130211466132,0.20249697358207533,22092,22092
97,0.688531742220017,0.20186804159187025,22081,22081
98,0.6553373046792218,0.20048060481486868,22070,22070
99,0.6064291744167016,0.1990268982531745,22059,22059
100,0.5466334357026927,0.196797061585488,22048,22048
101,0.48094582329636465,0.19410616134866995,22038,22038
102,0.41445488950564197,0.1917795806743857,22026,22026
103,0.35094881768190167,0.18875211559161062,22015,22015
104,0.2946622038055961,0.18588362385445184,22004,22004
105,0.2489173629673212,0.1836705232443678,21994,21994
106,0.2156420567820161,0.1809740861268869,21982,21982
107,0.19581630330467972,0.1787004182751458,21971,21971
108,0.18879185360205386,0.17654499335613608,21960,21960
109,0.19408100474185552,0.17435313469567332,21949,21949
110,0.21235329575500705,0.17229740133690352,21938,21938
111,0.2438387494477016,0.17036083981755462,21927,21927
112,0.287620289891172,0.1684885182971441,21916,21916
113,0.34162342091259545,0.1665113541924869,21905,21905
114,0.40276391166361547,0.16422463575690488,21894,21894
115,0.4673303843768043,0.16193880910525751,21883,21883
116,0.5306829928032595,0.15876703533555936,21872,21872
117,0.5884807755941501,0.15545865744191867,21861,21861
118,0.6359282264838598,0.1522985691062543,21850,21850
119,0.6677647833713348,0.14910702882798693,21839,21839
120,0.6784308640645786,0.145578470284189,21828,21828
121,0.665419024680192,0.14265998952440961,21817,21817
122,0.6317153070932718,0.14042740067061432,21806,21806
123,0.5820867517268953,0.13812667330400308,21795,21795
124,0.5218856670557266,0.13582585635122527,21784,21784
125,0.4559801999242637,0.1334942645423359,21773,21773
126,0.3889038460772621,0.13077137789653617,21762,21762
127,0.3255144628997359,0.12852094290670313,21751,21751
128,0.26938802001002743,0.1265038410004991,21740,21740
129,0.22360318853469113,0.12424116061599959,21729,21729
130,0.1901757761371183,0.12154143892919304,21718,21718
131,0.17009132756560819,0.11867488298800827,21707,21707
132,0.16260860673511363,0.11511986624835528,21696,21696
133,0.16754551770349413,0.11150571523896427,21685,21685
134,0.18534952362252355,0.10801028525155036,21674,21674
135,0.21654897908685977,0.10458158970866055,21663,21663
136,0.2603143864208174,0.10135012792943517,21652,21652
137,0.314572244779996,0.09858432973098158,21641,21641
138,0.3761892252372019,0.09603734502128977,21630,21630
139,0.4411290381386586,0.09295311450685953,21620,21620
140,0.5051273057936971,0.08930614542964595,21608,21608
141,0.5636953970748685,0.08579305662053649,21597,21597
142,0.6117207835100872,0.08196195662242177,21586,21586
143,0.64438773217088,0.07925252917774854,21575,21575
144,0.6556161408458537,0.07588367815630746,21564,21564
145,0.6427709557561284,0.0725715293516361,21553,21553
146,0.60892166781408,0.06987251592142187,21542,21542
147,0.5590789387409398,0.06746998769371267,21531,21531
148,0.49856349101587666,0.06538061020901574,21520,21520
149,0.4318575940985004,0.06264361322526578,21509,21509
150,0.36408963045465803,0.06020105586851548,21498,21498
151,0.29981598657831565,0.058094542348677176,21487,21487
152,0.24301670897383706,0.05640139586571924,21476,21476
153,0.1967717383892917,0.05461540935094557,21465,21465
154,0.16353357814871583,0.05363353063857605,21454,21454
155,0.14374869922239605,0.05232115618443521,21443,21443
156,0.13707864053616733,0.050930726843355166,21432,21432
157,0.1429372012360305,0.04912635990328466,21421,21421
158,0.16179997225575166,0.047121921453713064,21410,21410
159,0.19416363791830502,0.04520732446780665,21399,21399
160,0.23916710500932867,0.04336335686145024,21388,21388
161,0.29483889639521915,0.042156215104086334,21377,21377
162,0.35793315130547243,0.04095518883298702,21366,21366
163,0.4245602468933843,0.03956845880798703,21355,21355
164,0.49037396188657956,0.03836552141764126,21345,21345
165,0.5506828328079921,0.036980172001429466,21333,21333
166,0.6002630293455609,0.03540301316519524,21322,21322
167,0.6337603874914821,0.03379816875732465,21311,21311
168,0.6459443114984771,0.032380563697251265,21300,21300
169,0.6336836026914013,0.030686508589730436,21289,21289
170,0.5999233932065584,0.02877879963488219,21278,21278
171,0.5501991047765179,0.027494473389119624,21267,21267
172,0.48959625434812853,0.026321038799530013,21256,21256
173,0.4231178349967302,0.025296410532584815,21245,21245
174,0.3556637998769626,0.024501291130551408,21234,21234
175,0.29188264032942746,0.024473349312221372,21223,21223
176,0.2356503232173933,0.02460102050320393,21212,21212
177,0.19016471822036682,0.025020460331957962,21201,21201
178,0.15723936003224884,0.025029831863623037,21190,21190
179,0.13792436334328842,0.025103415610630727,21179,21179
180,0.13164615303413868,0.024978372860016026,21168,21168
181,0.13836058999982528,0.025328346395980497,21157,21157
182,0.15824796099483973,0.025794523808769915,21146,21146
183,0.19166022323757897,0.02616665563067146,21135,21135
184,0.23782891620224653,0.02695266961643322,21124,21124
185,0.29431575501881463,0.027420821508464362,21113,21113
186,0.35821277312468497,0.028064190068629327,21102,21102
187,0.4255462302250196,0.028226409063505164,21091,21091
188,0.49221682132219075,0.0285356848757532,21080,21080
189,0.5534330403717251,0.029326246896237394,21069,21069
190,0.6037736715306358,0.029619980985070914,21058,21058
191,0.6379375823866914,0.029721496592410735,21047,21047
192,0.650353627094689,0.02915319169322229,21037,21037
193,0.6380388472158114,0.028201131645881804,21026,21026
194,0.6039569632189867,0.02670500138679084,21015,21015
195,0.5535791591760771,0.024943037123224578,21004,21004
196,0.49218036755095157,0.023128774987529375,20993,20993
197,0.4249557594385006,0.021610256413175183,20982,20982
198,0.35641405929043046,0.019579606082813294,20971,20971
199,0.2911871398421359,0.017408101963559477,20960,20960
200,0.23329258398700617,0.01511681166433042,20949,20949
201,0.18601342962718637,0.012778866714459557,20938,20938
202,0.151744194363769,0.010883178209076408,20927,20927
203,0.13112400001247992,0.008974926573399516,20916,20916
204,0.12360976116917091,0.006808461070576519,20905,20905
205,0.12928182010758338,0.0052800258983807195,20894,20894
206,0.14846319830238502,0.004312517702395015,20883,20883
207,0.18145113533515264,0.003944626032664793,20872,20872
208,0.22708340592396156,0.0034946512462363244,20861,20861
209,0.28306315002711113,0.0028050246885467146,20850,20850
210,0.34653456634098073,0.0022321906719659996,20839,20839
211,0.41362227098140036,0.0013342902309444683,20828,20828
212,0.4801697114241086,0.0008483463640027104,20817,20817
213,0.541152143088279,0.000369436394375495,20806,20806
214,0.5916203658162712,0.00031621694964976884,20795,20795
215,0.6260064333217014,0.00046948523527072565,20784,20784
216,0.6386553262163369,0.0003580240856763884,20774,20774
217,0.6266111957119992,0.00012654162892329767,20762,20762
218,0.5928215795622036,-0.00038196054780520304,20751,20751
219,0.5425831126107885,-0.001003141875886011,20740,20740
220,0.48130814752482864,-0.0015858716709232785,20729,20729
221,0.41413503456501094,-0.0021755967327155867,20718,20718
222,0.3459382049014391,-0.002619234956927448,20708,20708
223,0.28121203365290054,-0.002957725260526859,20697,20697
224,0.2238628386052932,-0.0032994314298996318,20686,20686
225,0.1770676901310945,-0.004033656565424685,20675,20675
226,0.1429090695093498,-0.0051323608734656955,20664,20664
227,0.1225743990776619,-0.0061205235440983915,20653,20653
228,0.11562584215250127,-0.0069761367863177964,20642,20642
229,0.12154014017187084,-0.00801200165211667,20630,20630
230,0.1404839693809282,-0.009777144595270819,20621,20621
231,0.17283343478255825,-0.01231000467497001,20609,20609
232,0.21784950499086486,-0.015163965209567682,20598,20598
233,0.27326808457955953,-0.018429286511167892,20587,20587
234,0.3363261448741788,-0.021363353223340636,20576,20576
235,0.402894443863988,-0.024856544469595607,20565,20565
236,0.4687505910660781,-0.02826480659164724,20554,20554
237,0.5289183021167426,-0.0315415740344593,20543,20543
238,0.5783496195648944,-0.03496982164394957,20532,20532
239,0.6119170598295005,-0.03744084372125784,20521,20521
240,0.6239540072757934,-0.03927220100475134,20510,20510
241,0.6115629021386572,-0.04019626571706036,20499,20499
242,0.5778883636305453,-0.039650528425408255,20488,20488
243,0.527670730273655,-0.03909050741905049,20477,20477
244,0.46649266049920085,-0.03793872564297762,20466,20466
245,0.3993690396835432,-0.036654520718147586,20455,20455
246,0.33112817369244585,-0.03516736719216987,20444,20444
247,0.26663575609365364,-0.03297810901612266,20433,20433
248,0.20993857254624188,-0.03036501913228663,20422,20422
249,0.16359384599405308,-0.028793080209708482,20411,20411
250,0.13027576867381646,-0.027529829013955724,20400,20400
251,0.11070230471035435,-0.026724307854770913,20389,20389
252,0.10469728785806114,-0.025870902827919425,20378,20378
253,0.11149087147822082,-0.02553619902037037,20367,20367
254,0.13149132789306275,-0.02577908123819178,20356,20356
255,0.16487669374172145,-0.02699653482410093,20345,20345
256,0.21093635669885796,-0.028813670937742137,20334,20334
257,0.26749249924394486,-0.030878316686588903,20323,20323
258,0.3317363101786873,-0.0326463587470899,20312,20312
259,0.39991561074422,-0.03390844267520306,20301,20301
260,0.4670106517033435,-0.03573742643019739,20290,20290
261,0.5283662401425874,-0.03767260226898854,20279,20279
262,0.5791967312292503,-0.039059802599258425,20268,20268
263,0.6136777002616522,-0.040046612353415695,20257,20257
264,0.6262535484763387,-0.04070035306643356,20246,20246
265,0.6144286780551561,-0.03982559550733494,20235,20235
266,0.5809843214446508,-0.03801659123318014,20224,20224
267,0.5308992625876487,-0.03599223459865038,20213,20213
268,0.46989039595013304,-0.03340173844936686,20202,20202
269,0.40247697400227733,-0.03146401263862688,20191,20191
270,0.3340744720397476,-0.029038752820086056,20180,20180
271,0.26921564954742055,-0.026913420214411937,20169,20169
272,0.21194777916196042,-0.02478997696117785,20158,20158
273,0.16507194692161284,-0.023519772668005284,20147,20147
274,0.13107739369637916,-0.02298953332580192,20136,20136
275,0.11084293105248885,-0.023064861430818023,20125,20125
276,0.10414881572083941,-0.023354821706120583,20114,20114
277,0.11049974095651964,-0.023813626899031846,20103,20103
278,0.13013176028352968,-0.0250621204216225,20092,20092
279,0.16395613591551997,-0.02593083407231732,20081,20081
280,0.21053133369052573,-0.027487518257225944,20070,20070
281,0.2674989389164984,-0.02981501639010925,20059,20059
282,0.33211878678700296,-0.031994822772131504,20048,20048
283,0.4005791487039696,-0.03423148991607447,20037,20037
284,0.4683667982283464,-0.03630316605780539,20026,20026
285,0.5307867429391397,-0.03767854378084162,20015,20015
286,0.582607478695875,-0.03820869018915213,20004,20004
287,0.6178528290081132,-0.038572339132765796,19993,19993
288,0.6312453079466319,-0.03783293313697203,19982,19982
289,0.6197466762921773,-0.03616837578242538,19971,19971
290,0.5863443349636338,-0.03366146693821975,19960,19960
291,0.5359922735666951,-0.031171101194443405,19949,19949
292,0.47429214065749903,-0.028815706731555923,19938,19938
293,0.40644177758758593,-0.026638671109852487,19927,19927
294,0.3371935446100516,-0.02476658530996617,19916,19916
295,0.27179158255805247,-0.022339441961156756,19905,19905
296,0.2135885399621622,-0.020998211439737336,19894,19894
297,0.16632638050229417,-0.01979757160827997,19883,19883
298,0.1319872702711905,-0.019393337030026464,19872,19872
299,0.11156843621032227,-0.019187126634329293,19861,19861
300,0.10482811444127477,-0.019002174230831417,19850,19850
301,0.11123277349513694,-0.019216227915925595,19839,19839
302,0.13110659848723807,-0.020084484299885644,19828,19828
303,0.16523024391916066,-0.021021874454206693,19817,19817
304,0.21220473562886802,-0.022510844477046637,19806,19806
305,0.2699521882640729,-0.02417994205320642,19795,19795
306,0.33533178046714185,-0.026112177866183108,19784,19784
307,0.40451030791814024,-0.028389278819191316,19773,19773
308,0.472712518792638,-0.031003845173095713,19762,19762
309,0.5356686144862721,-0.032489000542441464,19751,19751
310,0.5876570553504015,-0.033956414960414155,19740,19740
311,0.6231134809578258,-0.03487707361818538,19730,19730
312,0.6364441983188132,-0.03470431199079179,19719,19719
313,0.6248249909360982,-0.03298281202227976,19707,19707
314,0.5910016210281709,-0.030854381306770807,19696,19696
315,0.5402564331966326,-0.028377338847260625,19685,19685
316,0.47780576023629384,-0.026234768778080807,19674,19674
317,0.408784017244885,-0.024789311156032508,19663,19663
318,0.33828952301086757,-0.023713180126079147,19652,19652
319,0.2712267873759443,-0.022812635414070945,19641,19641
320,0.2117375931150116,-0.02227106997247253,19630,19630
321,0.16309742319925266,-0.02213202957932126,19620,19620
322,0.1279819396215793,-0.022144273206819193,19608,19608
323,0.10693206331396776,-0.02266353043516784,19597,19597
324,0.09988754630847275,-0.022814801818126753,19586,19586
325,0.10624673852754922,-0.02323934341866332,19575,19575
326,0.12652566729955653,-0.023856388055283603,19564,19564
327,0.16124106469536598,-0.02431415979838237,19553,19553
328,0.20898108700231444,-0.025060860507535632,19542,19542
329,0.26783149340881834,-0.025475850982239232,19531,19531
330,0.3343729575337486,-0.026255391985394987,19520,19520
331,0.40466843886068943,-0.027424875078131867,19509,19509
332,0.47434175075139606,-0.028358764694195536,19498,19498
333,0.5383561511698048,-0.029224866541055237,19487,19487
334,0.5916023946933165,-0.029295028599441025,19476,19476
335,0.6275851175976899,-0.02963737088817874,19465,19465
336,0.6405902984818898,-0.030178952849829202,19454,19454
