day,scored_pairs,mae_f,rmse_f,bias_f
1,404.0,2.5819430693069307,3.3553599336961546,-1.021893564356435
2,408.0,3.647144607843137,4.62288921759296,-1.8999877450980391
3,408.0,4.046654411764706,5.3049463657635085,-1.9302573529411766
4,406.0,4.185488505747126,4.962123135986655,-2.0038957307060756
5,406.0,4.6524014778325125,5.8970060711727506,-1.5736330049261082
6,408.0,5.282009803921569,6.50861622555583,-2.9733823529411767
7,408.0,4.980600490196078,7.2803449344928755,-2.006629901960784
8,408.0,5.899718137254902,7.892486145776532,-0.39454656862745063
9,408.0,6.175024509803921,7.977032541099774,-1.4585784313725487
10,408.0,8.23045343137255,10.477984070603636,-1.4049387254901953
11,406.0,7.7136986863711,9.788390825747648,-1.7910878489326767
12,406.0,7.273091133004926,9.273149015971534,-0.8871798029556649
13,408.0,6.862524509803921,8.962785676525648,-3.9466911764705883
14,408.0,8.094522058823529,10.716217492225804,-4.392071078431373
