origin_utc,scored_pairs,mae_f,rmse_f,bias_f
2026-04-03 04:00:00+00:00,332.0,6.934789156626506,10.13249545554433,-6.299036144578312
2026-04-10 04:00:00+00:00,336.0,8.14311011904762,11.420369857997262,-0.7460267857142853
2026-04-17 04:00:00+00:00,336.0,4.561488095238095,6.684916568201096,2.3104761904761904
2026-04-24 04:00:00+00:00,336.0,6.174404761904763,8.623687218933673,-0.612261904761905
2026-05-01 04:00:00+00:00,336.0,5.376904761904761,6.716942708199772,-1.2801190476190476
2026-05-08 04:00:00+00:00,334.0,6.709775449101798,8.569687889529707,-4.549446107784432
2026-05-15 04:00:00+00:00,334.0,7.879835329341318,9.809001414898717,-4.947200598802396
2026-05-22 04:00:00+00:00,336.0,4.747068452380952,5.817389705965334,-0.7123958333333329
2026-05-29 04:00:00+00:00,336.0,7.040520833333333,8.534288783761822,-6.606086309523808
2026-06-05 04:00:00+00:00,336.0,6.716294642857143,8.916624784336438,-5.628705357142857
2026-06-12 04:00:00+00:00,336.0,6.388497023809523,7.845942104991659,-2.2284375
2026-06-19 04:00:00+00:00,334.0,4.187020958083833,5.3876571277641,-0.21432634730538885
2026-06-26 04:00:00+00:00,334.0,4.43059880239521,5.754239338025613,-0.5094311377245512
2026-07-03 04:00:00+00:00,336.0,4.260342261904762,5.927104314131416,1.139419642857143
2026-07-10 04:00:00+00:00,336.0,4.548214285714286,5.970062003646273,-1.9038095238095236
2026-07-17 04:00:00+00:00,336.0,4.8242013888888895,5.944199754597159,0.2400545634920634
2026-07-24 04:00:00+00:00,336.0,3.8129117063492064,4.88071115487434,-1.1563144841269837
