local_year,all_hours,night_00_06,afternoon_12_18
2011,72.91871508379889,67.77142857142857,79.3701923076923
2012,70.40166666666666,64.79523809523809,77.5104761904762
2013,69.97301808066759,63.62380952380953,78.06985645933014
2014,71.21388888888889,66.78095238095239,76.81428571428572
2015,72.64951321279555,66.8952380952381,79.64593301435407
2016,75.40444444444444,70.02380952380952,81.98571428571428
2017,70.95277777777778,64.20476190476191,79.1047619047619
2018,75.73713490959666,71.14285714285714,81.55502392344498
2019,76.2058414464534,69.00478468899522,84.67142857142858
2020,70.0125173852573,65.02380952380952,76.47142857142858
